生活满意度/n1000634072用户数据_processed_1000634072用户数据_2019-Q1.txt,0.6142479288452931
1015711295用户数据_processed_1015711295用户数据_2019-Q1.txt,0.6178375310738535
1018524034用户数据_processed_1018524034用户数据_2019-Q1.txt,0.5830677552547948
1019071737用户数据_processed_1019071737用户数据_2019-Q1.txt,0.5941524905556234
1022210647用户数据_processed_1022210647用户数据_2019-Q1.txt,0.5859730349162818
1028932595用户数据_processed_1028932595用户数据_2019-Q1.txt,0.6167320806529658
1030735883用户数据_processed_1030735883用户数据_2019-Q1.txt,0.5870217256649317
1039775034用户数据_processed_1039775034用户数据_2019-Q1.txt,0.687944752262313
1043699733用户数据_processed_1043699733用户数据_2019-Q1.txt,0.5828452959060113
1045479970用户数据_processed_1045479970用户数据_2019-Q1.txt,0.5927799216816699
1061027993用户数据_processed_1061027993用户数据_2019-Q1.txt,0.6253457113788139
1064365260用户数据_processed_1064365260用户数据_2019-Q1.txt,0.6274125175615598
1068325262用户数据_processed_1068325262用户数据_2019-Q1.txt,0.6142479288452931
1073271517用户数据_processed_1073271517用户数据_2019-Q1.txt,0.6837213509320027
1076628443用户数据_processed_1076628443用户数据_2019-Q1.txt,0.5844184768515939
1076989607用户数据_processed_1076989607用户数据_2019-Q1.txt,0.6142479288452931
1085958821用户数据_processed_1085958821用户数据_2019-Q1.txt,0.6042665012792894
1088985891用户数据_processed_1088985891用户数据_2019-Q1.txt,0.5785785103413287
1095575997用户数据_processed_1095575997用户数据_2019-Q1.txt,0.6148518648345273
1101569964用户数据_processed_1101569964用户数据_2019-Q1.txt,0.5914866193251206
1105304730用户数据_processed_1105304730用户数据_2019-Q1.txt,0.6142479288452931
1107326395用户数据_processed_1107326395用户数据_2019-Q1.txt,0.6347545717691416
1110885563用户数据_processed_1110885563用户数据_2019-Q1.txt,0.6326949284686593
1112390091用户数据_processed_1112390091用户数据_2019-Q1.txt,0.5753395694098388
1116824961用户数据_processed_1116824961用户数据_2019-Q1.txt,0.6080844622030981
1142154357用户数据_processed_1142154357用户数据_2019-Q1.txt,0.5537740605040403
1150586733用户数据_processed_1150586733用户数据_2019-Q1.txt,0.5974917284344814
1166217292用户数据_processed_1166217292用户数据_2019-Q1.txt,0.6144318001963561
1172406044用户数据_processed_1172406044用户数据_2019-Q1.txt,0.6183632129983829
1195048045用户数据_processed_1195048045用户数据_2019-Q1.txt,0.6407606142333218
1199911010用户数据_processed_1199911010用户数据_2019-Q1.txt,0.6301167297024286
1204443113用户数据_processed_1204443113用户数据_2019-Q1.txt,0.6142479288452931
1217215843用户数据_processed_1217215843用户数据_2019-Q1.txt,0.5970550078820681
1224926552用户数据_processed_1224926552用户数据_2019-Q1.txt,0.5847329138780275
1230264595用户数据_processed_1230264595用户数据_2019-Q1.txt,0.6080422534386054
1238367000用户数据_processed_1238367000用户数据_2019-Q1.txt,0.6024253583695102
1243145811用户数据_processed_1243145811用户数据_2019-Q1.txt,0.5824755410217823
1245495240用户数据_processed_1245495240用户数据_2019-Q1.txt,0.6403849088540466
1245797004用户数据_processed_1245797004用户数据_2019-Q1.txt,0.6001477216232634
1247578817用户数据_processed_1247578817用户数据_2019-Q1.txt,0.5842550308392928
1249066837用户数据_processed_1249066837用户数据_2019-Q1.txt,0.5814132500397619
1249629662用户数据_processed_1249629662用户数据_2019-Q1.txt,0.6247704018710235
1250660373用户数据_processed_1250660373用户数据_2019-Q1.txt,0.6652481206711628
1251695930用户数据_processed_1251695930用户数据_2019-Q1.txt,0.6557141743532999
1252370543用户数据_processed_1252370543用户数据_2019-Q1.txt,0.5937968838466101
1253178804用户数据_processed_1253178804用户数据_2019-Q1.txt,0.6193051647822524
1258563461用户数据_processed_1258563461用户数据_2019-Q1.txt,0.6393904695385948
1263388571用户数据_processed_1263388571用户数据_2019-Q1.txt,0.5833702588654655
1264614571用户数据_processed_1264614571用户数据_2019-Q1.txt,0.6223589810485236
1265847642用户数据_processed_1265847642用户数据_2019-Q1.txt,0.6105771548320789
1270464573用户数据_processed_1270464573用户数据_2019-Q1.txt,0.5998211252332233
1272396500用户数据_processed_1272396500用户数据_2019-Q1.txt,0.6770492471233137
1275897597用户数据_processed_1275897597用户数据_2019-Q1.txt,0.5515552490070463
1276919800用户数据_processed_1276919800用户数据_2019-Q1.txt,0.5919484920338656
1278155664用户数据_processed_1278155664用户数据_2019-Q1.txt,0.6056306487121915
1292494997用户数据_processed_1292494997用户数据_2019-Q1.txt,0.5800716422020384
1293367372用户数据_processed_1293367372用户数据_2019-Q1.txt,0.6667302669134754
1294686972用户数据_processed_1294686972用户数据_2019-Q1.txt,0.6142479288452931
1295502524用户数据_processed_1295502524用户数据_2019-Q1.txt,0.6584244402053352
1296452491用户数据_processed_1296452491用户数据_2019-Q1.txt,0.6048272052555677
1296698460用户数据_processed_1296698460用户数据_2019-Q1.txt,0.5924591025530237
1305356943用户数据_processed_1305356943用户数据_2019-Q1.txt,0.6161541221735292
1313436053用户数据_processed_1313436053用户数据_2019-Q1.txt,0.5980388433637969
1317388700用户数据_processed_1317388700用户数据_2019-Q1.txt,0.6341952673530005
1327161762用户数据_processed_1327161762用户数据_2019-Q1.txt,0.614921396121792
1328153821用户数据_processed_1328153821用户数据_2019-Q1.txt,0.6031235812203048
1331487990用户数据_processed_1331487990用户数据_2019-Q1.txt,0.630697932305785
1334968965用户数据_processed_1334968965用户数据_2019-Q1.txt,0.6142479288452931
1348838615用户数据_processed_1348838615用户数据_2019-Q1.txt,0.6055121896858139
1372572453用户数据_processed_1372572453用户数据_2019-Q1.txt,0.6076303697845851
1377853770用户数据_processed_1377853770用户数据_2019-Q1.txt,0.5280562154219239
1390183190用户数据_processed_1390183190用户数据_2019-Q1.txt,0.6311522236892193
1393047135用户数据_processed_1393047135用户数据_2019-Q1.txt,0.5648849677945059
1398218021用户数据_processed_1398218021用户数据_2019-Q1.txt,0.6204092532057154
1400122904用户数据_processed_1400122904用户数据_2019-Q1.txt,0.6095641832876549
1401657862用户数据_processed_1401657862用户数据_2019-Q1.txt,0.5797693000811426
1405045571用户数据_processed_1405045571用户数据_2019-Q1.txt,0.5873304180451803
1405229145用户数据_processed_1405229145用户数据_2019-Q1.txt,0.5815287697312225
1405496102用户数据_processed_1405496102用户数据_2019-Q1.txt,0.6263694493436142
1409787967用户数据_processed_1409787967用户数据_2019-Q1.txt,0.6039252137998606
1409919873用户数据_processed_1409919873用户数据_2019-Q1.txt,0.6142479288452931
1412471314用户数据_processed_1412471314用户数据_2019-Q1.txt,0.6346069900024554
1415530725用户数据_processed_1415530725用户数据_2019-Q1.txt,0.5720280625411207
1416531161用户数据_processed_1416531161用户数据_2019-Q1.txt,0.5817578905337065
1420168842用户数据_processed_1420168842用户数据_2019-Q1.txt,0.6327951076384485
1428708077用户数据_processed_1428708077用户数据_2019-Q1.txt,0.6037766243663385
1434924447用户数据_processed_1434924447用户数据_2019-Q1.txt,0.604475648678409
1435482225用户数据_processed_1435482225用户数据_2019-Q1.txt,0.6361293003985128
1435543452用户数据_processed_1435543452用户数据_2019-Q1.txt,0.5869213368525211
1439142762用户数据_processed_1439142762用户数据_2019-Q1.txt,0.6323693594270606
1448990710用户数据_processed_1448990710用户数据_2019-Q1.txt,0.6283997958130263
1452637693用户数据_processed_1452637693用户数据_2019-Q1.txt,0.5858921721258118
1457522725用户数据_processed_1457522725用户数据_2019-Q1.txt,0.7530629938584235
1476124912用户数据_processed_1476124912用户数据_2019-Q1.txt,0.6182288691391609
1488316747用户数据_processed_1488316747用户数据_2019-Q1.txt,0.5208617988817128
1491319055用户数据_processed_1491319055用户数据_2019-Q1.txt,0.5875910798209802
1491440847用户数据_processed_1491440847用户数据_2019-Q1.txt,0.5964800582409113
1506268981用户数据_processed_1506268981用户数据_2019-Q1.txt,0.6028956720618456
1519144751用户数据_processed_1519144751用户数据_2019-Q1.txt,0.6001762351823975
1547804201用户数据_processed_1547804201用户数据_2019-Q1.txt,0.6003237318695881
1562084791用户数据_processed_1562084791用户数据_2019-Q1.txt,0.588018125607013
1562388250用户数据_processed_1562388250用户数据_2019-Q1.txt,0.6394379121820913
1563730490用户数据_processed_1563730490用户数据_2019-Q1.txt,0.5688952576619192
1580722644用户数据_processed_1580722644用户数据_2019-Q1.txt,0.6414667194890606
1585819652用户数据_processed_1585819652用户数据_2019-Q1.txt,0.6006986391043191
1587190274用户数据_processed_1587190274用户数据_2019-Q1.txt,0.675402225261116
1591079154用户数据_processed_1591079154用户数据_2019-Q1.txt,0.5951384801768164
1597194915用户数据_processed_1597194915用户数据_2019-Q1.txt,0.5827283583440156
1597677921用户数据_processed_1597677921用户数据_2019-Q1.txt,0.6002504313367261
1603566560用户数据_processed_1603566560用户数据_2019-Q1.txt,0.5842018700893418
1606013911用户数据_processed_1606013911用户数据_2019-Q1.txt,0.5326997825316824
1609206713用户数据_processed_1609206713用户数据_2019-Q1.txt,0.5131962776988873
1611807794用户数据_processed_1611807794用户数据_2019-Q1.txt,0.6102366677882745
1619548224用户数据_processed_1619548224用户数据_2019-Q1.txt,0.6142479288452931
1621558035用户数据_processed_1621558035用户数据_2019-Q1.txt,0.5795083171994263
1622156521用户数据_processed_1622156521用户数据_2019-Q1.txt,0.5618173297450206
1624516687用户数据_processed_1624516687用户数据_2019-Q1.txt,0.6133107464690678
1626741273用户数据_processed_1626741273用户数据_2019-Q1.txt,0.5814759678954652
1627078941用户数据_processed_1627078941用户数据_2019-Q1.txt,0.6223643998007363
1627103403用户数据_processed_1627103403用户数据_2019-Q1.txt,0.5928636750521513
1627121814用户数据_processed_1627121814用户数据_2019-Q1.txt,0.6177607035819211
1627799322用户数据_processed_1627799322用户数据_2019-Q1.txt,0.706841997327703
1628926102用户数据_processed_1628926102用户数据_2019-Q1.txt,0.5719499513194031
1631643713用户数据_processed_1631643713用户数据_2019-Q1.txt,0.6395958752709813
1634437914用户数据_processed_1634437914用户数据_2019-Q1.txt,0.6051349265449492
1640148590用户数据_processed_1640148590用户数据_2019-Q1.txt,0.7196906674227963
1641459997用户数据_processed_1641459997用户数据_2019-Q1.txt,0.5944641506619928
1644873211用户数据_processed_1644873211用户数据_2019-Q1.txt,0.610203754153417
1645000321用户数据_processed_1645000321用户数据_2019-Q1.txt,0.6024940794825382
1646562913用户数据_processed_1646562913用户数据_2019-Q1.txt,0.5682985638900055
1647626687用户数据_processed_1647626687用户数据_2019-Q1.txt,0.612958137896891
1648765635用户数据_processed_1648765635用户数据_2019-Q1.txt,0.6207305499935887
1649276742用户数据_processed_1649276742用户数据_2019-Q1.txt,0.6054708746278719
1649977010用户数据_processed_1649977010用户数据_2019-Q1.txt,0.6074203062955582
1651328037用户数据_processed_1651328037用户数据_2019-Q1.txt,0.5806353400585019
1651886480用户数据_processed_1651886480用户数据_2019-Q1.txt,0.6198108702732573
1653061340用户数据_processed_1653061340用户数据_2019-Q1.txt,0.5910591364876719
1656506314用户数据_processed_1656506314用户数据_2019-Q1.txt,0.6379320962360433
1657576921用户数据_processed_1657576921用户数据_2019-Q1.txt,0.5920298283253221
1659523137用户数据_processed_1659523137用户数据_2019-Q1.txt,0.5913583693228565
1659624684用户数据_processed_1659624684用户数据_2019-Q1.txt,0.6157560020796379
1659826754用户数据_processed_1659826754用户数据_2019-Q1.txt,0.6392299146449503
1660314492用户数据_processed_1660314492用户数据_2019-Q1.txt,0.6266749245034321
1660768652用户数据_processed_1660768652用户数据_2019-Q1.txt,0.5844845987201225
1662184707用户数据_processed_1662184707用户数据_2019-Q1.txt,0.6577679270789324
1662434732用户数据_processed_1662434732用户数据_2019-Q1.txt,0.5922889777333774
1665277525用户数据_processed_1665277525用户数据_2019-Q1.txt,0.6053053427446661
1665557452用户数据_processed_1665557452用户数据_2019-Q1.txt,0.600480059987151
1669755035用户数据_processed_1669755035用户数据_2019-Q1.txt,0.5932938951615486
1671491915用户数据_processed_1671491915用户数据_2019-Q1.txt,0.6137794371836534
1671760233用户数据_processed_1671760233用户数据_2019-Q1.txt,0.556615244959488
1675972293用户数据_processed_1675972293用户数据_2019-Q1.txt,0.6142479288452931
1678775743用户数据_processed_1678775743用户数据_2019-Q1.txt,0.5357200842470012
1679087104用户数据_processed_1679087104用户数据_2019-Q1.txt,0.5652454695314613
1680212422用户数据_processed_1680212422用户数据_2019-Q1.txt,0.6037592028291396
1681747420用户数据_processed_1681747420用户数据_2019-Q1.txt,0.6096489683996991
1683139981用户数据_processed_1683139981用户数据_2019-Q1.txt,0.6197703235673833
1683150204用户数据_processed_1683150204用户数据_2019-Q1.txt,0.5419938703289794
1683597657用户数据_processed_1683597657用户数据_2019-Q1.txt,0.5510596704187832
1685047997用户数据_processed_1685047997用户数据_2019-Q1.txt,0.6142479288452931
1685057511用户数据_processed_1685057511用户数据_2019-Q1.txt,0.6419867028334822
1686007332用户数据_processed_1686007332用户数据_2019-Q1.txt,0.5986019471680353
1687909742用户数据_processed_1687909742用户数据_2019-Q1.txt,0.6213257439655726
1689109621用户数据_processed_1689109621用户数据_2019-Q1.txt,0.5660990678154888
1689988150用户数据_processed_1689988150用户数据_2019-Q1.txt,0.5994552972589102
1690032813用户数据_processed_1690032813用户数据_2019-Q1.txt,0.5537107155521269
1690643632用户数据_processed_1690643632用户数据_2019-Q1.txt,0.6067551642813083
1692645044用户数据_processed_1692645044用户数据_2019-Q1.txt,0.6059911510515303
1693105130用户数据_2019-Q1.txt,0.6057994726526618
1694132063用户数据_2019-Q1.txt,0.621440629507316
1695411823用户数据_2019-Q1.txt,0.5955464837506603
1696601160用户数据_2019-Q1.txt,0.618472880528121
1696683171用户数据_2019-Q1.txt,0.5915364505935085
1696915010用户数据_2019-Q1.txt,0.6184150193756264
1697199310用户数据_2019-Q1.txt,0.5982903597058828
1702075954用户数据_2019-Q1.txt,0.5412104677964598
1704725487用户数据_2019-Q1.txt,0.6142479288452931
1705754724用户数据_2019-Q1.txt,0.5923295955626039
1706061994用户数据_2019-Q1.txt,0.6153428257330593
1713099073用户数据_2019-Q1.txt,0.573350755987677
1714573064用户数据_2019-Q1.txt,0.6147702839707698
1716286493用户数据_2019-Q1.txt,0.5567923845290766
1716385915用户数据_2019-Q1.txt,0.6207909064134495
1717544157用户数据_2019-Q1.txt,0.602260314299576
1717733684用户数据_2019-Q1.txt,0.6549713703582889
1718797277用户数据_2019-Q1.txt,0.6906939860569901
1719696881用户数据_2019-Q1.txt,0.5519733402288167
1720495824用户数据_2019-Q1.txt,0.6523315555620909
1721961893用户数据_2019-Q1.txt,0.5980976438578446
1722747550用户数据_2019-Q1.txt,0.6013123111225255
1722860461用户数据_2019-Q1.txt,0.5943780422519187
1724669187用户数据_2019-Q1.txt,0.6000884579463639
1725632472用户数据_2019-Q1.txt,0.664146861293113
1726844405用户数据_2019-Q1.txt,0.6029212200969054
1728192272用户数据_2019-Q1.txt,0.5860618439681117
1729430777用户数据_2019-Q1.txt,0.6453522800091706
1730037023用户数据_2019-Q1.txt,0.6142479288452931
1730534090用户数据_2019-Q1.txt,0.6115308738440091
1731177501用户数据_2019-Q1.txt,0.6058618156831416
1731319232用户数据_2019-Q1.txt,0.6169730862307365
1731383981用户数据_2019-Q1.txt,0.5800628994472626
1731730420用户数据_2019-Q1.txt,0.6142479288452931
1733610403用户数据_2019-Q1.txt,0.6418140131379069
1734089342用户数据_2019-Q1.txt,0.6281746950108885
1734261052用户数据_2019-Q1.txt,0.6055152602109664
1735380822用户数据_2019-Q1.txt,0.5360761632768501
1735782032用户数据_2019-Q1.txt,0.7387935601606175
1736418734用户数据_2019-Q1.txt,0.6142479288452931
1736841645用户数据_2019-Q1.txt,0.6997081057511049
1737411693用户数据_2019-Q1.txt,0.6622312897616099
1738298494用户数据_2019-Q1.txt,0.6306912230038397
1740322467用户数据_2019-Q1.txt,0.6295696619726034
1740531427用户数据_2019-Q1.txt,0.6255362433009972
1743532561用户数据_2019-Q1.txt,0.6202412039993341
1743590140用户数据_2019-Q1.txt,0.5831202874567796
1744965150用户数据_2019-Q1.txt,0.674616964033414
1744985915用户数据_2019-Q1.txt,0.5859754925825907
1745104984用户数据_2019-Q1.txt,0.6916787395272975
1745439703用户数据_2019-Q1.txt,0.6271157847293339
1747795142用户数据_2019-Q1.txt,0.6333682699255222
1750663527用户数据_2019-Q1.txt,0.6618107424642389
1750845730用户数据_2019-Q1.txt,0.6047765543736926
1751223330用户数据_2019-Q1.txt,0.5966924457506161
1752112017用户数据_2019-Q1.txt,0.6368011151542035
1752234061用户数据_2019-Q1.txt,0.6025626899697798
1752410922用户数据_2019-Q1.txt,0.6029899652641452
1752535620用户数据_2019-Q1.txt,0.6124637610668942
1752580132用户数据_2019-Q1.txt,0.7766047771144656
1757452087用户数据_2019-Q1.txt,0.5955609642136498
1758924365用户数据_2019-Q1.txt,0.6225234847126885
1760152487用户数据_2019-Q1.txt,0.5866608299701739
1760349827用户数据_2019-Q1.txt,0.6237025126490086
1760585521用户数据_2019-Q1.txt,0.6617348876807956
1760766324用户数据_2019-Q1.txt,0.5826943326217137
1760899300用户数据_2019-Q1.txt,0.6107423745330232
1761123585用户数据_2019-Q1.txt,0.5948871534494224
1761782641用户数据_2019-Q1.txt,0.5972353985194557
1761842431用户数据_2019-Q1.txt,0.49474370909727766
1762505730用户数据_2019-Q1.txt,0.6142479288452931
1763438310用户数据_2019-Q1.txt,0.6182700511975944
1763483995用户数据_2019-Q1.txt,0.6185332721375744
1763587221用户数据_2019-Q1.txt,0.6181870684016322
1763913673用户数据_2019-Q1.txt,0.5991254203675158
1764098854用户数据_2019-Q1.txt,0.6059316355896288
1764663867用户数据_2019-Q1.txt,0.6100743344283562
1765895012用户数据_2019-Q1.txt,0.6380612196447258
1765952457用户数据_2019-Q1.txt,0.6573744898964187
1767087817用户数据_2019-Q1.txt,0.6665893970472508
1767387525用户数据_2019-Q1.txt,0.5274735293838065
1767450421用户数据_2019-Q1.txt,0.6142479288452931
1768235594用户数据_2019-Q1.txt,0.5223751911439609
1768320332用户数据_2019-Q1.txt,0.5982856241536909
1768974614用户数据_2019-Q1.txt,0.6424433662152338
1769631890用户数据_2019-Q1.txt,0.643658218286921
1770538825用户数据_2019-Q1.txt,0.6142479288452931
1770674365用户数据_2019-Q1.txt,0.6332998713331098
1770701771用户数据_2019-Q1.txt,0.7082039051793227
1772213215用户数据_2019-Q1.txt,0.6089057435983739
1772299047用户数据_2019-Q1.txt,0.5246661638063967
1772387722用户数据_2019-Q1.txt,0.624971445288801
1772405353用户数据_2019-Q1.txt,0.5878446820959552
1772803707用户数据_2019-Q1.txt,0.5897802449216927
1773090423用户数据_2019-Q1.txt,0.6858472781678551
1773138907用户数据_2019-Q1.txt,0.6439429808853873
1773436671用户数据_2019-Q1.txt,0.6142479288452931
1773698153用户数据_2019-Q1.txt,0.617935972703911
1773744325用户数据_2019-Q1.txt,0.6710711788659183
1774460975用户数据_2019-Q1.txt,0.6216843815574888
1775324905用户数据_2019-Q1.txt,0.6192779693813859
1775779715用户数据_2019-Q1.txt,0.5819569079747908
1776096345用户数据_2019-Q1.txt,0.635451555004766
1776172873用户数据_2019-Q1.txt,0.6164787284157528
1778742467用户数据_2019-Q1.txt,0.6039087386065729
1778928857用户数据_2019-Q1.txt,0.6844544867958073
1779350823用户数据_2019-Q1.txt,0.6747644763640962
1779935660用户数据_2019-Q1.txt,0.6029999436861191
1780294970用户数据_2019-Q1.txt,0.6437520375389663
1781393263用户数据_2019-Q1.txt,0.6160650795472914
1781493481用户数据_2019-Q1.txt,0.5917102376356037
1781595614用户数据_2019-Q1.txt,0.6213063782768752
1781946460用户数据_2019-Q1.txt,0.63089885113673
1781947635用户数据_2019-Q1.txt,0.5234257587803344
1782333753用户数据_2019-Q1.txt,0.5956582809107421
1782654047用户数据_2019-Q1.txt,0.5681290663231785
1783724702用户数据_2019-Q1.txt,0.6628756935407067
1785439714用户数据_2019-Q1.txt,0.6665905545147095
1786118680用户数据_2019-Q1.txt,0.7372644571857135
1786809512用户数据_2019-Q1.txt,0.6142479288452931
1786915521用户数据_2019-Q1.txt,0.689056975998635
1788511315用户数据_2019-Q1.txt,0.578244080277352
1788776433用户数据_2019-Q1.txt,0.6181864155815787
1790287603用户数据_2019-Q1.txt,0.6474894777404401
1790354607用户数据_2019-Q1.txt,0.5809690880204352
1792495435用户数据_2019-Q1.txt,0.6464766708878906
1793198023用户数据_2019-Q1.txt,0.6314285988934849
1793465655用户数据_2019-Q1.txt,0.665447987634158
1797255445用户数据_2019-Q1.txt,0.4417114942106222
1797539233用户数据_2019-Q1.txt,0.5807177580022974
1798816911用户数据_2019-Q1.txt,0.617127827654646
1799244587用户数据_2019-Q1.txt,0.6711855126555154
1800217443用户数据_2019-Q1.txt,0.60356869206952
1800553991用户数据_2019-Q1.txt,0.5575645769072558
1800729235用户数据_2019-Q1.txt,0.6530957466902272
1800782934用户数据_2019-Q1.txt,0.6890348451591004
1801434127用户数据_2019-Q1.txt,0.6450500331972454
1802216043用户数据_2019-Q1.txt,0.6248370759720255
1802292431用户数据_2019-Q1.txt,0.6749541133282486
1803339855用户数据_2019-Q1.txt,0.6048467065423317
1804058033用户数据_2019-Q1.txt,0.6521510889182269
1805064117用户数据_2019-Q1.txt,0.5930454108037543
1806916873用户数据_2019-Q1.txt,0.5850785113833727
1806951202用户数据_2019-Q1.txt,0.5898525621884163
1807751337用户数据_2019-Q1.txt,0.6401784864106773
1809899334用户数据_2019-Q1.txt,0.6142479288452931
1812256641用户数据_2019-Q1.txt,0.6110294472637824
1813109193用户数据_2019-Q1.txt,0.6290215231719852
1814689674用户数据_2019-Q1.txt,0.6802471989582662
1816713002用户数据_2019-Q1.txt,0.6368743182742544
1818766624用户数据_2019-Q1.txt,0.6303298831235107
1820434133用户数据_2019-Q1.txt,0.6114323541648548
1821479654用户数据_2019-Q1.txt,0.5890384814560695
1821676083用户数据_2019-Q1.txt,0.6169399539702465
1822004851用户数据_2019-Q1.txt,0.47419768935389894
1822272965用户数据_2019-Q1.txt,0.6166096228300051
1822562911用户数据_2019-Q1.txt,0.6129096308329931
1823861200用户数据_2019-Q1.txt,0.7056928154412676
1824107857用户数据_2019-Q1.txt,0.6135121539803823
1825312237用户数据_2019-Q1.txt,0.6502454754560322
1826022160用户数据_2019-Q1.txt,0.8207766897010048
1826585437用户数据_2019-Q1.txt,0.6602080687087444
1827137463用户数据_2019-Q1.txt,0.6086970758782726
1827683415用户数据_2019-Q1.txt,0.6022047612922885
1828689091用户数据_2019-Q1.txt,0.5227029645838684
1829493610用户数据_2019-Q1.txt,0.6411511738591169
1831587981用户数据_2019-Q1.txt,0.6142479288452931
1833830105用户数据_2019-Q1.txt,0.6397665549918057
1834734477用户数据_2019-Q1.txt,0.5935566107954963
1836610287用户数据_2019-Q1.txt,0.6224456486969989
1836954831用户数据_2019-Q1.txt,0.6107202409559738
1837008672用户数据_2019-Q1.txt,0.6250179947445101
1837671112用户数据_2019-Q1.txt,0.6314340794623255
1837982725用户数据_2019-Q1.txt,0.6044822355368488
1838283094用户数据_2019-Q1.txt,0.6166010571370064
1838615154用户数据_2019-Q1.txt,0.6073087627454034
1839233842用户数据_2019-Q1.txt,0.627335264483652
1841065792用户数据_2019-Q1.txt,0.6635081825347579
1841094520用户数据_2019-Q1.txt,0.6167876372434591
1841884115用户数据_2019-Q1.txt,0.5760284824354368
1842284023用户数据_2019-Q1.txt,0.6136920431040818
1843925753用户数据_2019-Q1.txt,0.5429434064589354
1845939814用户数据_2019-Q1.txt,0.6497334658665682
1846844804用户数据_2019-Q1.txt,0.6084194668745276
1847217181用户数据_2019-Q1.txt,0.570129983904124
1848118912用户数据_2019-Q1.txt,0.5868847092878025
1848228872用户数据_2019-Q1.txt,0.6068912397724638
1848574332用户数据_2019-Q1.txt,0.5745734677698302
1848955571用户数据_2019-Q1.txt,0.6016882663298364
1850105081用户数据_2019-Q1.txt,0.6266305282433923
1850556107用户数据_2019-Q1.txt,0.6155455931354542
1850765167用户数据_2019-Q1.txt,0.5971491239730844
1851115025用户数据_2019-Q1.txt,0.5794533029557065
1852364425用户数据_2019-Q1.txt,0.630039406605671
1852475407用户数据_2019-Q1.txt,0.6369361773454442
1852935903用户数据_2019-Q1.txt,0.6016673509068661
1853169803用户数据_2019-Q1.txt,0.6084495656140614
1854915995用户数据_2019-Q1.txt,0.5763862894854024
1856181917用户数据_2019-Q1.txt,0.6375192216015443
1862703191用户数据_2019-Q1.txt,0.5710231943759383
1862763040用户数据_2019-Q1.txt,0.6140009306666908
1863382341用户数据_2019-Q1.txt,0.6272037076017531
1864507145用户数据_2019-Q1.txt,0.5862593687229469
1864559902用户数据_2019-Q1.txt,0.6207275306306637
1865215000用户数据_2019-Q1.txt,0.6762840342269434
1866595592用户数据_2019-Q1.txt,0.5951471296409616
1867185111用户数据_2019-Q1.txt,0.6073463316415721
1867658663用户数据_2019-Q1.txt,0.5697436028078092
1867713023用户数据_2019-Q1.txt,0.6968594331875778
1868313275用户数据_2019-Q1.txt,0.5868717027600137
1868627392用户数据_2019-Q1.txt,0.6464175685553951
1869228572用户数据_2019-Q1.txt,0.582148394295021
1869357084用户数据_2019-Q1.txt,0.6022770706052938
1870783443用户数据_2019-Q1.txt,0.6142479288452931
1872688262用户数据_2019-Q1.txt,0.6541091958800801
1872718033用户数据_2019-Q1.txt,0.5988939281166309
1873824654用户数据_2019-Q1.txt,0.6142479288452931
1878495114用户数据_2019-Q1.txt,0.6175963730421895
1878754240用户数据_2019-Q1.txt,0.5846417865861526
1879661355用户数据_2019-Q1.txt,0.5966025142946879
1880114634用户数据_2019-Q1.txt,0.5909335426231259
1882795232用户数据_2019-Q1.txt,0.6154131961217069
1882924715用户数据_2019-Q1.txt,0.6297881366300871
1883296010用户数据_2019-Q1.txt,0.6285338724888927
1884367274用户数据_2019-Q1.txt,0.6055373672702727
1886878660用户数据_2019-Q1.txt,0.6300351454734157
1889388623用户数据_2019-Q1.txt,0.650436171270898
1890780232用户数据_2019-Q1.txt,0.603011126006609
1891073967用户数据_2019-Q1.txt,0.5547972552884807
1891768794用户数据_2019-Q1.txt,0.618821842366795
1893458683用户数据_2019-Q1.txt,0.570474204728194
1896017861用户数据_2019-Q1.txt,0.6040444964789566
1896619735用户数据_2019-Q1.txt,0.5025272973039239
1897227123用户数据_2019-Q1.txt,0.603009965370177
1897457105用户数据_2019-Q1.txt,0.5774881483993861
1898959543用户数据_2019-Q1.txt,0.5612416337414461
1900004834用户数据_2019-Q1.txt,0.5920154950835469
1908497852用户数据_2019-Q1.txt,0.5742966296410279
1909976341用户数据_2019-Q1.txt,0.628461726763286
1910124862用户数据_2019-Q1.txt,0.6803116084996818
1910436891用户数据_2019-Q1.txt,0.6381407070216669
1911682865用户数据_2019-Q1.txt,0.5795216646101943
1912155155用户数据_2019-Q1.txt,0.6142479288452931
1912198573用户数据_2019-Q1.txt,0.6260802550908586
1912854480用户数据_2019-Q1.txt,0.6537986405649069
1915875763用户数据_2019-Q1.txt,0.5641174094804038
1916000501用户数据_2019-Q1.txt,0.6103867147446126
1916456667用户数据_2019-Q1.txt,0.6099272277422093
1918082843用户数据_2019-Q1.txt,0.5918977341372796
1919039501用户数据_2019-Q1.txt,0.5769434795404362
1919146365用户数据_2019-Q1.txt,0.6208268642316126
1919253377用户数据_2019-Q1.txt,0.6092684344869894
1919298111用户数据_2019-Q1.txt,0.5977459034964417
1923324300用户数据_2019-Q1.txt,0.6725019659844943
1923638297用户数据_2019-Q1.txt,0.605399848836673
1923918942用户数据_2019-Q1.txt,0.66145450275517
1925148765用户数据_2019-Q1.txt,0.6209037163715211
1925997663用户数据_2019-Q1.txt,0.6059113453207391
1926277825用户数据_2019-Q1.txt,0.5945640943671867
1926800074用户数据_2019-Q1.txt,0.6013479582435926
1928186724用户数据_2019-Q1.txt,0.5223770373853135
1929463141用户数据_2019-Q1.txt,0.6318178804524843
1930601097用户数据_2019-Q1.txt,0.5784814590296791
1931703531用户数据_2019-Q1.txt,0.6472928234672229
1932390247用户数据_2019-Q1.txt,0.6251686830660154
1937099962用户数据_2019-Q1.txt,0.6142479288452931
1939311133用户数据_2019-Q1.txt,0.6292735011618165
1940870645用户数据_2019-Q1.txt,0.6745492738789483
1940951760用户数据_2019-Q1.txt,0.6730984933159492
1944468995用户数据_2019-Q1.txt,0.5932744510736915
1948614733用户数据_2019-Q1.txt,0.6106467677146691
1949384953用户数据_2019-Q1.txt,0.6045772322766393
1950100111用户数据_2019-Q1.txt,0.5725751688753522
1951126551用户数据_2019-Q1.txt,0.6051943422751824
1952586981用户数据_2019-Q1.txt,0.7457664262520767
1955085335用户数据_2019-Q1.txt,0.636016457038813
1955537534用户数据_2019-Q1.txt,0.6155771879176847
1957209743用户数据_2019-Q1.txt,0.6237996472322137
1959077655用户数据_2019-Q1.txt,0.581993182581045
1960707315用户数据_2019-Q1.txt,0.6222457301567098
1962469437用户数据_2019-Q1.txt,0.6490672447006511
1963730347用户数据_2019-Q1.txt,0.6246951496567791
1964701007用户数据_2019-Q1.txt,0.6350227106044676
1965050810用户数据_2019-Q1.txt,0.574541511492837
1967143913用户数据_2019-Q1.txt,0.6367352320775008
1967436457用户数据_2019-Q1.txt,0.6252493444728028
1968679662用户数据_2019-Q1.txt,0.6275899427744026
1970501083用户数据_2019-Q1.txt,0.578501750385786
1970865941用户数据_2019-Q1.txt,0.6461611158121726
1972767767用户数据_2019-Q1.txt,0.5935160891325135
1973618617用户数据_2019-Q1.txt,0.6253342499104699
1974724833用户数据_2019-Q1.txt,0.5672988076889226
1976383307用户数据_2019-Q1.txt,0.6058252380531131
1978499272用户数据_2019-Q1.txt,0.659974682460084
1980552184用户数据_2019-Q1.txt,0.6070817464997036
1984722627用户数据_2019-Q1.txt,0.616573444968915
1987526165用户数据_2019-Q1.txt,0.635130000843214
1991850537用户数据_2019-Q1.txt,0.6013141727650652
1992862604用户数据_2019-Q1.txt,0.6125687159739613
1993831527用户数据_2019-Q1.txt,0.4858409622081289
1996178905用户数据_2019-Q1.txt,0.6345121651072176
1996410180用户数据_2019-Q1.txt,0.610898729853054
1998774743用户数据_2019-Q1.txt,0.6778766234098816
1998903171用户数据_2019-Q1.txt,0.572555397738483
1999502660用户数据_2019-Q1.txt,0.6863608775453344
2006346851用户数据_2019-Q1.txt,0.6500773988831787
2008114521用户数据_2019-Q1.txt,0.6013492078685717
2009375323用户数据_2019-Q1.txt,0.5920798992577982
2009538541用户数据_2019-Q1.txt,0.6137891073528853
2010001690用户数据_2019-Q1.txt,0.6141430047621682
2010712875用户数据_2019-Q1.txt,0.721104209478088
2011123520用户数据_2019-Q1.txt,0.6404983241585581
2011654754用户数据_2019-Q1.txt,0.66145450275517
2011692115用户数据_2019-Q1.txt,0.6048023586383112
2013860355用户数据_2019-Q1.txt,0.6680552828753239
2014266972用户数据_2019-Q1.txt,0.6165286577371295
2017956714用户数据_2019-Q1.txt,0.7238821853755826
2019019393用户数据_2019-Q1.txt,0.5329950303734357
2023622413用户数据_2019-Q1.txt,0.6256668870049145
2028480312用户数据_2019-Q1.txt,0.6237707742161299
2028659934用户数据_2019-Q1.txt,0.6726083856080328
2033045145用户数据_2019-Q1.txt,0.5996501815861652
2033847153用户数据_2019-Q1.txt,0.6148647035464256
2037503815用户数据_2019-Q1.txt,0.6559268514531293
2037777512用户数据_2019-Q1.txt,0.6418516882439221
2046528845用户数据_2019-Q1.txt,0.6126540403942276
2046940455用户数据_2019-Q1.txt,0.5958601369581428
2048477837用户数据_2019-Q1.txt,0.6120557353676976
2048930465用户数据_2019-Q1.txt,0.6142479288452931
2052057405用户数据_2019-Q1.txt,0.6013812695351698
20579515用户数据_2019-Q1.txt,0.4885666621306128
2061727574用户数据_2019-Q1.txt,0.605635151568225
2067241321用户数据_2019-Q1.txt,0.6142479288452931
2071036123用户数据_2019-Q1.txt,0.6929885341703909
2074936493用户数据_2019-Q1.txt,0.5801019122779693
2075482545用户数据_2019-Q1.txt,0.554875571208597
2075499345用户数据_2019-Q1.txt,0.6176860755526666
2078371065用户数据_2019-Q1.txt,0.5170114889154309
2078490865用户数据_2019-Q1.txt,0.6414818570560599
2078564295用户数据_2019-Q1.txt,0.6328027249170725
2078938107用户数据_2019-Q1.txt,0.5345387713743993
2093755250用户数据_2019-Q1.txt,0.620095095819814
2094984985用户数据_2019-Q1.txt,0.6189142595766919
2095802620用户数据_2019-Q1.txt,0.6105361654959464
2096092610用户数据_2019-Q1.txt,0.6628429313995782
2098725037用户数据_2019-Q1.txt,0.6440629527667646
2104134301用户数据_2019-Q1.txt,0.6395587097235963
2106199342用户数据_2019-Q1.txt,0.6432983034554763
2110652635用户数据_2019-Q1.txt,0.6409116497908793
2112750387用户数据_2019-Q1.txt,0.6061455525614943
2115315904用户数据_2019-Q1.txt,0.6254501344330144
2115468061用户数据_2019-Q1.txt,0.6142479288452931
2119901272用户数据_2019-Q1.txt,0.6372599915951456
2120078670用户数据_2019-Q1.txt,0.6004274855455963
2120695360用户数据_2019-Q1.txt,0.7015209065444874
2121042430用户数据_2019-Q1.txt,0.6081603779291486
2122876991用户数据_2019-Q1.txt,0.5762787855691922
212549254用户数据_2019-Q1.txt,0.6386325054523528
2126993451用户数据_2019-Q1.txt,0.6123671462565364
2135577583用户数据_2019-Q1.txt,0.5908241501319054
2135640207用户数据_2019-Q1.txt,0.6135143288995586
2138972533用户数据_2019-Q1.txt,0.6135626944494419
2139260857用户数据_2019-Q1.txt,0.6137421257848441
2140030134用户数据_2019-Q1.txt,0.6064555730639837
2140635065用户数据_2019-Q1.txt,0.49697422631403865
2141058157用户数据_2019-Q1.txt,0.6448447823053985
2141295515用户数据_2019-Q1.txt,0.5896160629213397
2141771754用户数据_2019-Q1.txt,0.5385871693183651
2143485915用户数据_2019-Q1.txt,0.5733668786420485
2144295515用户数据_2019-Q1.txt,0.6142479288452931
2144890440用户数据_2019-Q1.txt,0.6341543154337954
2147441714用户数据_2019-Q1.txt,0.6000795644656861
2149541251用户数据_2019-Q1.txt,0.470489306262503
2162155833用户数据_2019-Q1.txt,0.6171251790086342
2162535111用户数据_2019-Q1.txt,0.7648804125274405
2163546994用户数据_2019-Q1.txt,0.6195859607162394
2163825845用户数据_2019-Q1.txt,0.6013902572266313
2164239064用户数据_2019-Q1.txt,0.6142479288452931
2167680504用户数据_2019-Q1.txt,0.7737052068139567
2168742800用户数据_2019-Q1.txt,0.642397756599106
2174248483用户数据_2019-Q1.txt,0.6082585169691522
2176296321用户数据_2019-Q1.txt,0.5921792990787113
2177601633用户数据_2019-Q1.txt,0.6391048283985482
2177960292用户数据_2019-Q1.txt,0.6244299918306156
2183208253用户数据_2019-Q1.txt,0.8086279390624336
2188790053用户数据_2019-Q1.txt,0.6192176834474757
2189875170用户数据_2019-Q1.txt,0.5938742735942698
2191658394用户数据_2019-Q1.txt,0.6142479288452931
2192144940用户数据_2019-Q1.txt,0.6334477094886192
2192711265用户数据_2019-Q1.txt,0.5586639686933954
2195815724用户数据_2019-Q1.txt,0.780318970143457
2196598315用户数据_2019-Q1.txt,0.7123881817239638
2199113744用户数据_2019-Q1.txt,0.6054458074901543
2199576360用户数据_2019-Q1.txt,0.6496712411949308
2203887861用户数据_2019-Q1.txt,0.642016501733456
2204628000用户数据_2019-Q1.txt,0.604048587482023
2206046551用户数据_2019-Q1.txt,0.6504029781670425
2207619403用户数据_2019-Q1.txt,0.6050505998096465
2211576971用户数据_2019-Q1.txt,0.572443511158043
2214478595用户数据_2019-Q1.txt,0.5628655565385163
2215265570用户数据_2019-Q1.txt,0.5875220657677231
2218360837用户数据_2019-Q1.txt,0.6034388089953288
2219546893用户数据_2019-Q1.txt,0.6286099170714401
2232183747用户数据_2019-Q1.txt,0.5884116083987075
2232908722用户数据_2019-Q1.txt,0.6110399539026846
2235797757用户数据_2019-Q1.txt,0.6209037163715211
2236624263用户数据_2019-Q1.txt,0.5883911995263433
2243946907用户数据_2019-Q1.txt,0.5665209969301881
2246372530用户数据_2019-Q1.txt,0.6136359009590522
2247054191用户数据_2019-Q1.txt,0.6362693145030428
2248842772用户数据_2019-Q1.txt,0.6463606677271087
2249264840用户数据_2019-Q1.txt,0.6245174350577899
2250533403用户数据_2019-Q1.txt,0.5984024794261025
2250708287用户数据_2019-Q1.txt,0.6448447823053985
2251909397用户数据_2019-Q1.txt,0.5941680331986108
2252775953用户数据_2019-Q1.txt,0.6103974110751546
2252899252用户数据_2019-Q1.txt,0.6076235966380589
2256416497用户数据_2019-Q1.txt,0.597923557982068
2260535201用户数据_2019-Q1.txt,0.7230110160732056
2269736505用户数据_2019-Q1.txt,0.5886687740372861
2269825523用户数据_2019-Q1.txt,0.6843710029240909
2270368573用户数据_2019-Q1.txt,0.6010515250215566
2271749497用户数据_2019-Q1.txt,0.5831429045803344
2272677827用户数据_2019-Q1.txt,0.6142479288452931
2273562194用户数据_2019-Q1.txt,0.6142479288452931
2274290511用户数据_2019-Q1.txt,0.6076287833199776
2275483585用户数据_2019-Q1.txt,0.6142479288452931
2276101537用户数据_2019-Q1.txt,0.6580874279808876
2280425040用户数据_2019-Q1.txt,0.6207141302889364
228704403用户数据_2019-Q1.txt,0.6430658954763226
2290244901用户数据_2019-Q1.txt,0.5770588432417104
2292207092用户数据_2019-Q1.txt,0.6283111572985147
2292384004用户数据_2019-Q1.txt,0.6133001732723089
2292614521用户数据_2019-Q1.txt,0.6429618889412513
2294265672用户数据_2019-Q1.txt,0.5878566346201063
2297207322用户数据_2019-Q1.txt,0.6414239977052806
2303103391用户数据_2019-Q1.txt,0.5535301119775353
2303477565用户数据_2019-Q1.txt,0.5304832215991201
2304831781用户数据_2019-Q1.txt,0.6145688790588982
2308476407用户数据_2019-Q1.txt,0.6338752448921499
2308573084用户数据_2019-Q1.txt,0.6799596953375487
2309414812用户数据_2019-Q1.txt,0.6293779673317399
2309534842用户数据_2019-Q1.txt,0.6539498562714963
2314825672用户数据_2019-Q1.txt,0.6142479288452931
2315625132用户数据_2019-Q1.txt,0.6553668648051035
2324026025用户数据_2019-Q1.txt,0.618759269260745
2330652940用户数据_2019-Q1.txt,0.6555536810164354
2331106191用户数据_2019-Q1.txt,0.615845542797129
2335603934用户数据_2019-Q1.txt,0.7000570232211836
2336215181用户数据_2019-Q1.txt,0.6742731511122081
2337955134用户数据_2019-Q1.txt,0.6264203633108647
2338048070用户数据_2019-Q1.txt,0.6362416320522624
2339408302用户数据_2019-Q1.txt,0.6531865355895543
2339627307用户数据_2019-Q1.txt,0.5991552785941038
2341821522用户数据_2019-Q1.txt,0.5890540354259186
2342466010用户数据_2019-Q1.txt,0.6094492302627229
2342853862用户数据_2019-Q1.txt,0.6050867522090676
2348201887用户数据_2019-Q1.txt,0.6432889349047632
2354676637用户数据_2019-Q1.txt,0.6227242397892748
2354980327用户数据_2019-Q1.txt,0.6142479288452931
2356178164用户数据_2019-Q1.txt,0.627319649092271
2356901462用户数据_2019-Q1.txt,0.6014204934666576
2357588725用户数据_2019-Q1.txt,0.6142479288452931
2366021777用户数据_2019-Q1.txt,0.6142479288452931
2366082663用户数据_2019-Q1.txt,0.6603589247110044
2367965125用户数据_2019-Q1.txt,0.6233572472767942
2368088463用户数据_2019-Q1.txt,0.5974319248046838
2371211557用户数据_2019-Q1.txt,0.6349008049308643
2371345752用户数据_2019-Q1.txt,0.582361150361512
2371395214用户数据_2019-Q1.txt,0.6510974746812882
2373105885用户数据_2019-Q1.txt,0.5822403242363741
2377415060用户数据_2019-Q1.txt,0.6066350130845947
2379667587用户数据_2019-Q1.txt,0.6102346964145274
2382866967用户数据_2019-Q1.txt,0.6024490620223977
2384553640用户数据_2019-Q1.txt,0.6110515246461348
2384587544用户数据_2019-Q1.txt,0.6001868468867795
2384860230用户数据_2019-Q1.txt,0.6462611662525667
2387564347用户数据_2019-Q1.txt,0.5697324098637517
2387855661用户数据_2019-Q1.txt,0.6128652808953491
2388493144用户数据_2019-Q1.txt,0.6390302225699309
2390362655用户数据_2019-Q1.txt,0.595625998371258
2390917303用户数据_2019-Q1.txt,0.7395225639573326
2398983055用户数据_2019-Q1.txt,0.6488750461478323
2402731295用户数据_2019-Q1.txt,0.6302625025494414
2407228460用户数据_2019-Q1.txt,0.6023452708737684
2416767192用户数据_2019-Q1.txt,0.6641755633050092
2418774181用户数据_2019-Q1.txt,0.5660603878417958
2419006711用户数据_2019-Q1.txt,0.5760015891225118
2419635112用户数据_2019-Q1.txt,0.6142479288452931
2421305977用户数据_2019-Q1.txt,0.6466247964532876
2422124654用户数据_2019-Q1.txt,0.659125822654796
2426381367用户数据_2019-Q1.txt,0.6226400087696675
2427260963用户数据_2019-Q1.txt,0.6601432090354513
2428344065用户数据_2019-Q1.txt,0.6427773881002938
2429821997用户数据_2019-Q1.txt,0.5738594029427107
2430825495用户数据_2019-Q1.txt,0.6204743107246677
2431077890用户数据_2019-Q1.txt,0.6327004080963562
2431891623用户数据_2019-Q1.txt,0.5777918993081999
2433519573用户数据_2019-Q1.txt,0.6226312371943035
2434321650用户数据_2019-Q1.txt,0.6126954678863831
2436540142用户数据_2019-Q1.txt,0.5985714119719043
2436594212用户数据_2019-Q1.txt,0.687225857810082
2437078054用户数据_2019-Q1.txt,0.6192333699194984
2443852921用户数据_2019-Q1.txt,0.6152746194743389
2445509651用户数据_2019-Q1.txt,0.6181812758619881
2449800214用户数据_2019-Q1.txt,0.586236373242208
2453901793用户数据_2019-Q1.txt,0.6584877970994791
2455746517用户数据_2019-Q1.txt,0.5980724940535497
2455817391用户数据_2019-Q1.txt,0.549857550524128
2455876487用户数据_2019-Q1.txt,0.6167998619352539
2466166213用户数据_2019-Q1.txt,0.59955354121533
2467682402用户数据_2019-Q1.txt,0.6897392534144382
2471711463用户数据_2019-Q1.txt,0.6383863462216035
2471817540用户数据_2019-Q1.txt,0.5835893862505517
2476812293用户数据_2019-Q1.txt,0.6161493020963908
2479286392用户数据_2019-Q1.txt,0.6003994060975765
2481695237用户数据_2019-Q1.txt,0.633535385765664
2483701560用户数据_2019-Q1.txt,0.6019427145790287
2483902532用户数据_2019-Q1.txt,0.6165401933816995
2485878677用户数据_2019-Q1.txt,0.6329462569467406
2486253840用户数据_2019-Q1.txt,0.624278593880114
2487465742用户数据_2019-Q1.txt,0.5794455013559284
2489886933用户数据_2019-Q1.txt,0.5381802915918765
2490496203用户数据_2019-Q1.txt,0.6198122263261108
2493787077用户数据_2019-Q1.txt,0.5348970704215893
2495506247用户数据_2019-Q1.txt,0.646191576294178
2498744263用户数据_2019-Q1.txt,0.6426666272225481
2499509060用户数据_2019-Q1.txt,0.615811657132055
2500840232用户数据_2019-Q1.txt,0.5990094703687714
2501293102用户数据_2019-Q1.txt,0.619547712221446
2503434462用户数据_2019-Q1.txt,0.5967800356234049
2516234292用户数据_2019-Q1.txt,0.6332132753199471
2516494977用户数据_2019-Q1.txt,0.6194912152052582
2519645714用户数据_2019-Q1.txt,0.645523317406417
2519935117用户数据_2019-Q1.txt,0.6264711530016155
2522892417用户数据_2019-Q1.txt,0.574353717974353
2523548924用户数据_2019-Q1.txt,0.5959647506482669
2529693594用户数据_2019-Q1.txt,0.6111388600176892
2536772484用户数据_2019-Q1.txt,0.6088683688762335
2538587935用户数据_2019-Q1.txt,0.6501718127555455
2545515065用户数据_2019-Q1.txt,0.6537000413369377
2550903392用户数据_2019-Q1.txt,0.6223589450750021
2551886755用户数据_2019-Q1.txt,0.5908805342427536
2560478172用户数据_2019-Q1.txt,0.6256699709864013
2560787032用户数据_2019-Q1.txt,0.6095396303472466
2564170035用户数据_2019-Q1.txt,0.5958952572787317
2568846560用户数据_2019-Q1.txt,0.64063105226371
2583079470用户数据_2019-Q1.txt,0.6388133815438461
2585152691用户数据_2019-Q1.txt,0.631006771621547
2591319070用户数据_2019-Q1.txt,0.5665849627450196
2592706327用户数据_2019-Q1.txt,0.59748771499497
2595484657用户数据_2019-Q1.txt,0.6344094129190812
2603823727用户数据_2019-Q1.txt,0.6049986990980654
2603911321用户数据_2019-Q1.txt,0.6022328786192785
2604852624用户数据_2019-Q1.txt,0.6713894196487088
2605822602用户数据_2019-Q1.txt,0.6135759882949465
2606200461用户数据_2019-Q1.txt,0.605087427422689
2606746717用户数据_2019-Q1.txt,0.6142479288452931
2607120637用户数据_2019-Q1.txt,0.7001934007092802
2607575763用户数据_2019-Q1.txt,0.653895124350928
2611047827用户数据_2019-Q1.txt,0.6655048156538016
2611628767用户数据_2019-Q1.txt,0.6142479288452931
2615116551用户数据_2019-Q1.txt,0.6136155175255776
2615611501用户数据_2019-Q1.txt,0.5740344215678662
2617407923用户数据_2019-Q1.txt,0.506461309507249
2617688423用户数据_2019-Q1.txt,0.514104692080694
2618208845用户数据_2019-Q1.txt,0.5576585543990538
2621643473用户数据_2019-Q1.txt,0.5988628630978947
2623624385用户数据_2019-Q1.txt,0.3734704107602476
2625893951用户数据_2019-Q1.txt,0.585407758992742
2626290675用户数据_2019-Q1.txt,0.6396668532583037
2627970404用户数据_2019-Q1.txt,0.6036165687279849
2629205381用户数据_2019-Q1.txt,0.5939140298255152
2629756281用户数据_2019-Q1.txt,0.5601158048589662
2636204785用户数据_2019-Q1.txt,0.6552785796098781
2641442043用户数据_2019-Q1.txt,0.7710917735871827
2642830307用户数据_2019-Q1.txt,0.6380641857590605
2644772745用户数据_2019-Q1.txt,0.6094986433419798
2645054833用户数据_2019-Q1.txt,0.6071006380503177
2649325350用户数据_2019-Q1.txt,0.6068949120338786
2649520975用户数据_2019-Q1.txt,0.6814706201539079
2651371731用户数据_2019-Q1.txt,0.6766589319275371
2652501674用户数据_2019-Q1.txt,0.6566231579605584
2653509883用户数据_2019-Q1.txt,0.5729469407754244
2654347767用户数据_2019-Q1.txt,0.6581824032525861
2659206193用户数据_2019-Q1.txt,0.636607522664212
2659318981用户数据_2019-Q1.txt,0.6693222650734829
2660220274用户数据_2019-Q1.txt,0.6142479288452931
2660399054用户数据_2019-Q1.txt,0.6340390761244117
2663975653用户数据_2019-Q1.txt,0.6443854619784638
2664657361用户数据_2019-Q1.txt,0.6213497262732772
2665187581用户数据_2019-Q1.txt,0.6005909154018718
2670775673用户数据_2019-Q1.txt,0.633022986898558
2672141930用户数据_2019-Q1.txt,0.5870147780970197
2672756833用户数据_2019-Q1.txt,0.5386195866776224
2676560292用户数据_2019-Q1.txt,0.5940404581961822
2679250403用户数据_2019-Q1.txt,0.6142479288452931
2681851455用户数据_2019-Q1.txt,0.5963644788267551
2682881070用户数据_2019-Q1.txt,0.6227807339880201
2682920572用户数据_2019-Q1.txt,0.6822083480462298
2686158273用户数据_2019-Q1.txt,0.6142479288452931
2688133754用户数据_2019-Q1.txt,0.6303544515544212
2692382275用户数据_2019-Q1.txt,0.6142479288452931
2693656547用户数据_2019-Q1.txt,0.7264082178494882
2693842331用户数据_2019-Q1.txt,0.6142479288452931
2694076410用户数据_2019-Q1.txt,0.6142479288452931
2694901654用户数据_2019-Q1.txt,0.5661216750832582
2696029552用户数据_2019-Q1.txt,0.4904668002215259
2696877413用户数据_2019-Q1.txt,0.6648103614137825
2698171481用户数据_2019-Q1.txt,0.641998225314932
2698624537用户数据_2019-Q1.txt,0.6444444586729512
2699323093用户数据_2019-Q1.txt,0.5891746200037397
2703790732用户数据_2019-Q1.txt,0.5727859144106037
2703868907用户数据_2019-Q1.txt,0.6651575290730992
2707131473用户数据_2019-Q1.txt,0.7509329603346491
2708702384用户数据_2019-Q1.txt,0.6343172725087217
2708956352用户数据_2019-Q1.txt,0.6155921645338079
2709693135用户数据_2019-Q1.txt,0.6151779355204156
2710443625用户数据_2019-Q1.txt,0.5790037675438973
2710522691用户数据_2019-Q1.txt,0.6346700461915952
2715425645用户数据_2019-Q1.txt,0.6283218836839979
2716385921用户数据_2019-Q1.txt,0.6341663635798934
2716410021用户数据_2019-Q1.txt,0.5813388529184892
2719144687用户数据_2019-Q1.txt,0.6389489883538522
2720470805用户数据_2019-Q1.txt,0.5856488452520364
2720553233用户数据_2019-Q1.txt,0.6310658982681783
2721012921用户数据_2019-Q1.txt,0.6145732558395329
2722836264用户数据_2019-Q1.txt,0.6288470312526062
2723034623用户数据_2019-Q1.txt,0.5802240635819272
2723539113用户数据_2019-Q1.txt,0.6229833229480781
2736362990用户数据_2019-Q1.txt,0.7202321110256568
2737126721用户数据_2019-Q1.txt,0.5846465290220495
2738090991用户数据_2019-Q1.txt,0.694476099502089
2742788371用户数据_2019-Q1.txt,0.5486723794888995
2744673693用户数据_2019-Q1.txt,0.630599712054122
2745312007用户数据_2019-Q1.txt,0.6301417074883295
2745353730用户数据_2019-Q1.txt,0.6199792923455536
2745546224用户数据_2019-Q1.txt,0.6450272176808279
2746055693用户数据_2019-Q1.txt,0.6038451150780488
2748163665用户数据_2019-Q1.txt,0.6017874374563293
2763835727用户数据_2019-Q1.txt,0.7228136634901579
2766039985用户数据_2019-Q1.txt,0.6377351246518987
2770130405用户数据_2019-Q1.txt,0.5930330725968016
2770933297用户数据_2019-Q1.txt,0.618070058916331
2770976407用户数据_2019-Q1.txt,0.5952443846015959
2771624530用户数据_2019-Q1.txt,0.8572229416167186
2784417002用户数据_2019-Q1.txt,0.6485701554158472
2787500794用户数据_2019-Q1.txt,0.6142479288452931
2788532425用户数据_2019-Q1.txt,0.6291777328362014
2791787915用户数据_2019-Q1.txt,0.6747873485144852
2796079120用户数据_2019-Q1.txt,0.5760614228791813
2797578207用户数据_2019-Q1.txt,0.6061321526533309
2800127040用户数据_2019-Q1.txt,0.5896006011573999
2802975100用户数据_2019-Q1.txt,0.6031747047761027
2805134601用户数据_2019-Q1.txt,0.5783669678767004
2805281057用户数据_2019-Q1.txt,0.69955227060022
2807051750用户数据_2019-Q1.txt,0.6000984138509864
2807501521用户数据_2019-Q1.txt,0.6251349062687878
2807688447用户数据_2019-Q1.txt,0.6077476272160127
2807830162用户数据_2019-Q1.txt,0.6587840822732148
2808584954用户数据_2019-Q1.txt,0.6192020702301991
2809886571用户数据_2019-Q1.txt,0.598536071293087
2815598181用户数据_2019-Q1.txt,0.6268458902233517
2816173823用户数据_2019-Q1.txt,0.6491814953199352
2816393210用户数据_2019-Q1.txt,0.5699550325685313
2816574331用户数据_2019-Q1.txt,0.6118996523600106
2820771162用户数据_2019-Q1.txt,0.6240749305002162
2821972093用户数据_2019-Q1.txt,0.5955054791011157
2824554892用户数据_2019-Q1.txt,0.7759152376222158
2835076683用户数据_2019-Q1.txt,0.6318266712211439
2839335050用户数据_2019-Q1.txt,0.605096076549405
2839575661用户数据_2019-Q1.txt,0.5256532612010578
2842201680用户数据_2019-Q1.txt,0.7232831520505647
2844172671用户数据_2019-Q1.txt,0.7027916759833184
2847066984用户数据_2019-Q1.txt,0.6142479288452931
2848996061用户数据_2019-Q1.txt,0.655137176848196
2850958247用户数据_2019-Q1.txt,0.6238107765170728
2853434040用户数据_2019-Q1.txt,0.5858873005324167
2856719310用户数据_2019-Q1.txt,0.6147519784236429
2862057054用户数据_2019-Q1.txt,0.6438823732148022
2864039664用户数据_2019-Q1.txt,0.6730208324514736
2864410374用户数据_2019-Q1.txt,0.6899379100163878
2865176284用户数据_2019-Q1.txt,0.6051643590187086
2865365260用户数据_2019-Q1.txt,0.6407319957264372
2866382180用户数据_2019-Q1.txt,0.605362137631247
2868710432用户数据_2019-Q1.txt,0.6577571623717428
2869759960用户数据_2019-Q1.txt,0.6142479288452931
2870860174用户数据_2019-Q1.txt,0.6196148524172498
2873816854用户数据_2019-Q1.txt,0.6339881137668096
2873877602用户数据_2019-Q1.txt,0.624169981197872
2873907260用户数据_2019-Q1.txt,0.600271814454848
2873935865用户数据_2019-Q1.txt,0.6382542949506779
2874332877用户数据_2019-Q1.txt,0.614575210833418
2878242621用户数据_2019-Q1.txt,0.6348817630371133
2880814907用户数据_2019-Q1.txt,0.583069113526749
2883116124用户数据_2019-Q1.txt,0.6369495778728429
2883833540用户数据_2019-Q1.txt,0.7109983389318097
2886241484用户数据_2019-Q1.txt,0.6308824749237775
2886280842用户数据_2019-Q1.txt,0.7177657159603344
2886328652用户数据_2019-Q1.txt,0.6003288162852426
2886627512用户数据_2019-Q1.txt,0.6793482373949307
2890409140用户数据_2019-Q1.txt,0.5767191429578409
2890887161用户数据_2019-Q1.txt,0.6361069241541388
2895160857用户数据_2019-Q1.txt,0.593920680903782
2898790272用户数据_2019-Q1.txt,0.6007068301838563
2900177115用户数据_2019-Q1.txt,0.5967862286298368
2901431607用户数据_2019-Q1.txt,0.6267390279018927
2903374103用户数据_2019-Q1.txt,0.6117788968042034
2903817925用户数据_2019-Q1.txt,0.5702784875965712
2904310245用户数据_2019-Q1.txt,0.6236646060900934
2904831813用户数据_2019-Q1.txt,0.60843044233049
2909607072用户数据_2019-Q1.txt,0.5585948411900677
2921610234用户数据_2019-Q1.txt,0.6528709829724877
2925497203用户数据_2019-Q1.txt,0.6050054330624676
2925690865用户数据_2019-Q1.txt,0.6425571755587225
2928953751用户数据_2019-Q1.txt,0.720253258993114
2938246205用户数据_2019-Q1.txt,0.61002389108565
2941094101用户数据_2019-Q1.txt,0.6530245799873214
2942629690用户数据_2019-Q1.txt,0.5811071343379133
2948686282用户数据_2019-Q1.txt,0.7413425509103465
2949339544用户数据_2019-Q1.txt,0.6057468693961134
2955760385用户数据_2019-Q1.txt,0.6135189017581565
2955963504用户数据_2019-Q1.txt,0.694476099502089
2958152233用户数据_2019-Q1.txt,0.6490672447006511
2960655201用户数据_2019-Q1.txt,0.6459885924054388
2960669182用户数据_2019-Q1.txt,0.5677733547027431
2961943634用户数据_2019-Q1.txt,0.6221030682566188
2963452160用户数据_2019-Q1.txt,0.6189316493772182
2965914153用户数据_2019-Q1.txt,0.6512878005220356
2966159287用户数据_2019-Q1.txt,0.6586991581803092
2966972872用户数据_2019-Q1.txt,0.600338609544768
2967045292用户数据_2019-Q1.txt,0.6018678205612894
2967661825用户数据_2019-Q1.txt,0.661960515303088
2968192880用户数据_2019-Q1.txt,0.5807445348634342
2968533010用户数据_2019-Q1.txt,0.6142479288452931
2970401300用户数据_2019-Q1.txt,0.6103159080333942
2970683820用户数据_2019-Q1.txt,0.6154979001311434
2975582374用户数据_2019-Q1.txt,0.5938472839429375
2975878365用户数据_2019-Q1.txt,0.6506263185449208
2981603722用户数据_2019-Q1.txt,0.6371073169528445
2983688512用户数据_2019-Q1.txt,0.666906481938546
2991622931用户数据_2019-Q1.txt,0.6464667664294507
3002710855用户数据_2019-Q1.txt,0.64709079893461
3009204115用户数据_2019-Q1.txt,0.5736476616591198
3009510490用户数据_2019-Q1.txt,0.6156533137357011
3011585733用户数据_2019-Q1.txt,0.6329912973310967
3019505671用户数据_2019-Q1.txt,0.6233586519768094
3021168867用户数据_2019-Q1.txt,0.6333779744993479
3021731531用户数据_2019-Q1.txt,0.47434107963073924
3023421627用户数据_2019-Q1.txt,0.6285975331071798
3024544564用户数据_2019-Q1.txt,0.5763862894854024
3025129593用户数据_2019-Q1.txt,0.6078004678830303
3026993540用户数据_2019-Q1.txt,0.6317623989404823
3032180762用户数据_2019-Q1.txt,0.6362609822047767
3033109350用户数据_2019-Q1.txt,0.6084888317455396
3034524122用户数据_2019-Q1.txt,0.6662899971388044
3035122143用户数据_2019-Q1.txt,0.616335099937752
3040452217用户数据_2019-Q1.txt,0.6079854836304519
3044714377用户数据_2019-Q1.txt,0.6903865521278514
3052004615用户数据_2019-Q1.txt,0.5575266722195401
3059373013用户数据_2019-Q1.txt,0.5214190822424143
3059564577用户数据_2019-Q1.txt,0.6395252976823658
3066006197用户数据_2019-Q1.txt,0.544732910620791
3072673737用户数据_2019-Q1.txt,0.5849342534166126
3085434543用户数据_2019-Q1.txt,0.610805543346371
3085682150用户数据_2019-Q1.txt,0.5778172267865025
3087873565用户数据_2019-Q1.txt,0.6147550922997387
3094179101用户数据_2019-Q1.txt,0.6354584727295932
3096931467用户数据_2019-Q1.txt,0.6397748461106649
3099219071用户数据_2019-Q1.txt,0.6199389462328887
3114028745用户数据_2019-Q1.txt,0.6281548638273606
3115059763用户数据_2019-Q1.txt,0.5755879778889442
3121072420用户数据_2019-Q1.txt,0.602340245977917
3121784800用户数据_2019-Q1.txt,0.6201647313183809
3133663793用户数据_2019-Q1.txt,0.6504066244585004
3140009892用户数据_2019-Q1.txt,0.5945893673499149
3142568470用户数据_2019-Q1.txt,0.647502549177805
3144547405用户数据_2019-Q1.txt,0.6030682954823352
3147752903用户数据_2019-Q1.txt,0.6060407475063606
3151066062用户数据_2019-Q1.txt,0.6142479288452931
3151891693用户数据_2019-Q1.txt,0.6861696874749101
3155140431用户数据_2019-Q1.txt,0.6665786966042369
3157299607用户数据_2019-Q1.txt,0.6421314090388627
3157930122用户数据_2019-Q1.txt,0.6067187811693515
3163009474用户数据_2019-Q1.txt,0.6142479288452931
3164604851用户数据_2019-Q1.txt,0.5712263007865439
3164771540用户数据_2019-Q1.txt,0.6756526969497711
3164780004用户数据_2019-Q1.txt,0.6381161774790987
3165320631用户数据_2019-Q1.txt,0.6496763675707388
3165606712用户数据_2019-Q1.txt,0.6070147768552957
3168417604用户数据_2019-Q1.txt,0.602848725597154
3169038411用户数据_2019-Q1.txt,0.6036309076521584
3170015644用户数据_2019-Q1.txt,0.6567209939677716
3170489431用户数据_2019-Q1.txt,0.5903574696778884
3171992654用户数据_2019-Q1.txt,0.6163004051399905
3172566451用户数据_2019-Q1.txt,0.6185928395194464
3172766014用户数据_2019-Q1.txt,0.6074064762741678
3175838901用户数据_2019-Q1.txt,0.7609412729711015
3177416711用户数据_2019-Q1.txt,0.637694025441187
3178858247用户数据_2019-Q1.txt,0.6910958398613719
3179039870用户数据_2019-Q1.txt,0.6995305197070172
3179145423用户数据_2019-Q1.txt,0.6607003727043005
3180479294用户数据_2019-Q1.txt,0.6279433934169963
3180499580用户数据_2019-Q1.txt,0.6204698611224466
3182408134用户数据_2019-Q1.txt,0.6437364975510622
3183849560用户数据_2019-Q1.txt,0.6483211971335445
3186027912用户数据_2019-Q1.txt,0.6265389346871405
3186556312用户数据_2019-Q1.txt,0.6179562934859567
3186727787用户数据_2019-Q1.txt,0.5632931156945853
3188156204用户数据_2019-Q1.txt,0.6164958862429085
3188735100用户数据_2019-Q1.txt,0.5823003926003472
3192322102用户数据_2019-Q1.txt,0.5988096616123063
3193635144用户数据_2019-Q1.txt,0.6126688502681149
3194501514用户数据_2019-Q1.txt,0.6055081546479631
3194899377用户数据_2019-Q1.txt,0.5849722950287305
3195979440用户数据_2019-Q1.txt,0.5921606043460049
3196205720用户数据_2019-Q1.txt,0.5911288316879101
3197826660用户数据_2019-Q1.txt,0.6198222404346407
3198036660用户数据_2019-Q1.txt,0.5351674501685119
3200278135用户数据_2019-Q1.txt,0.5745658037454988
3200292621用户数据_2019-Q1.txt,0.6365099740111974
3203015147用户数据_2019-Q1.txt,0.6212477310899065
3203746390用户数据_2019-Q1.txt,0.67079470817291
3205717365用户数据_2019-Q1.txt,0.708510604615821
3208598627用户数据_2019-Q1.txt,0.6185964024568781
3209424421用户数据_2019-Q1.txt,0.5426103238923354
3209936064用户数据_2019-Q1.txt,0.6142479288452931
3211782113用户数据_2019-Q1.txt,0.6310442475089432
3212054017用户数据_2019-Q1.txt,0.6220240363096099
3213553672用户数据_2019-Q1.txt,0.6577276679728113
3214536507用户数据_2019-Q1.txt,0.581296541259876
3216842035用户数据_2019-Q1.txt,0.6230214669480482
3217010805用户数据_2019-Q1.txt,0.6373450889814831
3218383831用户数据_2019-Q1.txt,0.6092478583171554
3218618873用户数据_2019-Q1.txt,0.5991032731013368
3218837244用户数据_2019-Q1.txt,0.5807089948853967
3221074601用户数据_2019-Q1.txt,0.6142479288452931
3224122583用户数据_2019-Q1.txt,0.6586783885801617
3224734773用户数据_2019-Q1.txt,0.5625344702073936
3227354232用户数据_2019-Q1.txt,0.6257375194262107
3227392354用户数据_2019-Q1.txt,0.686538053846321
3229405602用户数据_2019-Q1.txt,0.6120217770988245
3232325033用户数据_2019-Q1.txt,0.6142479288452931
3240871040用户数据_2019-Q1.txt,0.6220214142218214
3243755412用户数据_2019-Q1.txt,0.5121938229864349
3248750440用户数据_2019-Q1.txt,0.5602281158572404
3252105297用户数据_2019-Q1.txt,0.6564891207508464
3253820142用户数据_2019-Q1.txt,0.750046690508411
3265402117用户数据_2019-Q1.txt,0.6417797499752843
3273519902用户数据_2019-Q1.txt,0.6039313471079711
3275706554用户数据_2019-Q1.txt,0.6049254426684535
3279119835用户数据_2019-Q1.txt,0.6535040299967614
3279628492用户数据_2019-Q1.txt,0.6235239410808073
3283872423用户数据_2019-Q1.txt,0.566972133210446
3284715281用户数据_2019-Q1.txt,0.5975727737719022
3285517634用户数据_2019-Q1.txt,0.6142479288452931
3285711065用户数据_2019-Q1.txt,0.6072394242394831
3286192195用户数据_2019-Q1.txt,0.5607144821087785
3286895535用户数据_2019-Q1.txt,0.5141589324592186
3287740413用户数据_2019-Q1.txt,0.4964561619478553
3295357671用户数据_2019-Q1.txt,0.6133721975064934
3296269222用户数据_2019-Q1.txt,0.6126220629805839
3296991781用户数据_2019-Q1.txt,0.6433627499852249
3297854231用户数据_2019-Q1.txt,0.6221850711880264
3298789011用户数据_2019-Q1.txt,0.5670628397410807
3301998571用户数据_2019-Q1.txt,0.6173150656344256
3304393524用户数据_2019-Q1.txt,0.6223271876907523
3307069447用户数据_2019-Q1.txt,0.5963949437122961
3309612305用户数据_2019-Q1.txt,0.600387037794668
3315557690用户数据_2019-Q1.txt,0.5541552348919339
3319489811用户数据_2019-Q1.txt,0.5699550325685313
3320649271用户数据_2019-Q1.txt,0.5821229015096283
3331262442用户数据_2019-Q1.txt,0.6163473583337683
3360225074用户数据_2019-Q1.txt,0.6383192112861901
3416208670用户数据_2019-Q1.txt,0.74876631392037
3422100154用户数据_2019-Q1.txt,0.5936967186875174
3433733282用户数据_2019-Q1.txt,0.6428375493567938
3438074260用户数据_2019-Q1.txt,0.635275029272152
3451680682用户数据_2019-Q1.txt,0.5953796747422304
3452703742用户数据_2019-Q1.txt,0.6101562234929865
3453563140用户数据_2019-Q1.txt,0.5967300744590069
3458191784用户数据_2019-Q1.txt,0.621329301874688
3474634510用户数据_2019-Q1.txt,0.6566128028669775
3477587651用户数据_2019-Q1.txt,0.6067615872027848
3481553067用户数据_2019-Q1.txt,0.5494357994236347
3489210114用户数据_2019-Q1.txt,0.642971271591332
3494803472用户数据_2019-Q1.txt,0.6829088739915705
3494841253用户数据_2019-Q1.txt,0.921789249696344
3502142492用户数据_2019-Q1.txt,0.6142479288452931
3503081283用户数据_2019-Q1.txt,0.6069731800050299
3509066147用户数据_2019-Q1.txt,0.5931574928062807
3512764742用户数据_2019-Q1.txt,0.5848393845000807
3514103527用户数据_2019-Q1.txt,0.5987595911582512
3518029281用户数据_2019-Q1.txt,0.6544341828140374
3529055751用户数据_2019-Q1.txt,0.8086279390624336
3535210105用户数据_2019-Q1.txt,0.5995643349287103
3537264903用户数据_2019-Q1.txt,0.6106931746702717
3537354312用户数据_2019-Q1.txt,0.5286672192524433
3537452844用户数据_2019-Q1.txt,0.6601432090354513
3537469977用户数据_2019-Q1.txt,0.6441486770618222
3540808325用户数据_2019-Q1.txt,0.5541361410411164
3542436017用户数据_2019-Q1.txt,0.6219686423757176
3546795490用户数据_2019-Q1.txt,0.6080803138026561
3551710220用户数据_2019-Q1.txt,0.6004861026899762
3555223643用户数据_2019-Q1.txt,0.5998509282794717
3557497940用户数据_2019-Q1.txt,0.7131004962617024
3558044390用户数据_2019-Q1.txt,0.6359984478727988
3563504391用户数据_2019-Q1.txt,0.5990349538861278
3563595552用户数据_2019-Q1.txt,0.6142479288452931
3566449400用户数据_2019-Q1.txt,0.6350795599818964
3567060632用户数据_2019-Q1.txt,0.5639916955987325
3580009917用户数据_2019-Q1.txt,0.5660603878417958
3585029777用户数据_2019-Q1.txt,0.6687406203082229
3597793304用户数据_2019-Q1.txt,0.6703446688110751
3604175531用户数据_2019-Q1.txt,0.5803638038659289
3606501835用户数据_2019-Q1.txt,0.6029508294327599
3606816885用户数据_2019-Q1.txt,0.6067822534785541
3607686763用户数据_2019-Q1.txt,0.6063843968019434
3607951434用户数据_2019-Q1.txt,0.6831906228426836
3608118572用户数据_2019-Q1.txt,0.6724044143313315
3613181082用户数据_2019-Q1.txt,0.5876695285520225
3626190810用户数据_2019-Q1.txt,0.6142479288452931
3629251892用户数据_2019-Q1.txt,0.4061370767112437
3633629480用户数据_2019-Q1.txt,0.6505670338418421
3641012043用户数据_2019-Q1.txt,0.6705307359246152
3648955423用户数据_2019-Q1.txt,0.6241428482678992
3674224027用户数据_2019-Q1.txt,0.6101520671885955
3675304860用户数据_2019-Q1.txt,0.6164851377143252
3678143883用户数据_2019-Q1.txt,0.7062499313914702
3687400060用户数据_2019-Q1.txt,0.6041693057404012
3697430702用户数据_2019-Q1.txt,0.5965289953164461
3701479420用户数据_2019-Q1.txt,0.5727494472466367
3706950267用户数据_2019-Q1.txt,0.7076684220968446
3710846192用户数据_2019-Q1.txt,0.6252900208786588
3716919781用户数据_2019-Q1.txt,0.6413731480045292
3717811911用户数据_2019-Q1.txt,0.6310639460773435
3720385467用户数据_2019-Q1.txt,0.6142479288452931
3722973942用户数据_2019-Q1.txt,0.6603524879137662
3723293327用户数据_2019-Q1.txt,0.6246411970593261
3735294623用户数据_2019-Q1.txt,0.5881388649718833
3736327332用户数据_2019-Q1.txt,0.6075205897306218
3737414935用户数据_2019-Q1.txt,0.6072914191930063
3737480791用户数据_2019-Q1.txt,0.5932421357005246
3737808175用户数据_2019-Q1.txt,0.670441882603669
3741308220用户数据_2019-Q1.txt,0.6736298185361685
3741516233用户数据_2019-Q1.txt,0.5882465595651448
3747354725用户数据_2019-Q1.txt,0.6120621809183953
3749583644用户数据_2019-Q1.txt,0.6161429712439069
3756341741用户数据_2019-Q1.txt,0.5522061060332122
3759815172用户数据_2019-Q1.txt,0.5925928816726822
3761258890用户数据_2019-Q1.txt,0.5978191225072661
3765153895用户数据_2019-Q1.txt,0.6060600023673541
3772473362用户数据_2019-Q1.txt,0.6417877532631194
3776848590用户数据_2019-Q1.txt,0.6777952398778198
3784475522用户数据_2019-Q1.txt,0.6349613661920074
3786351250用户数据_2019-Q1.txt,0.6555506690494413
3786510961用户数据_2019-Q1.txt,0.5725334721081246
3786835281用户数据_2019-Q1.txt,0.6064059320004926
3789647600用户数据_2019-Q1.txt,0.6086965939509226
3796520192用户数据_2019-Q1.txt,0.6153320937171463
3797064315用户数据_2019-Q1.txt,0.6218704727581996
3800635239用户数据_2019-Q1.txt,0.6196880691669815
3803061749用户数据_2019-Q1.txt,0.6151888793073738
3803126888用户数据_2019-Q1.txt,0.6347366915883291
3805268896用户数据_2019-Q1.txt,0.6797363480697742
3805636722用户数据_2019-Q1.txt,0.5749718437505318
3807388432用户数据_2019-Q1.txt,0.5994889988796805
3816254931用户数据_2019-Q1.txt,0.5576537480357011
3817024497用户数据_2019-Q1.txt,0.6474476914620413
3817371034用户数据_2019-Q1.txt,0.6256384369385808
3821239038用户数据_2019-Q1.txt,0.6173862979667639
3824146569用户数据_2019-Q1.txt,0.6295732353367737
3825677619用户数据_2019-Q1.txt,0.6036094037032477
3825694997用户数据_2019-Q1.txt,0.6317421138381093
3828135933用户数据_2019-Q1.txt,0.6268997696883754
3828672389用户数据_2019-Q1.txt,0.6234392544767509
3828683666用户数据_2019-Q1.txt,0.666371135939504
3829639569用户数据_2019-Q1.txt,0.6997081057511049
3831027726用户数据_2019-Q1.txt,0.5743845164523118
3832925011用户数据_2019-Q1.txt,0.6058542496983125
3836700884用户数据_2019-Q1.txt,0.6191971041853088
3844301081用户数据_2019-Q1.txt,0.5591000358931127
3846745593用户数据_2019-Q1.txt,0.6208139452201057
3847837125用户数据_2019-Q1.txt,0.5970605481493185
3848077919用户数据_2019-Q1.txt,0.6439522711600868
3851371588用户数据_2019-Q1.txt,0.6212517643411323
3853354586用户数据_2019-Q1.txt,0.6133255007149068
3854519588用户数据_2019-Q1.txt,0.5937070641277647
3854869650用户数据_2019-Q1.txt,0.6092109449534961
3855524978用户数据_2019-Q1.txt,0.6262263394304609
3856427832用户数据_2019-Q1.txt,0.650912851655665
3865003553用户数据_2019-Q1.txt,0.5951214509076005
3872957567用户数据_2019-Q1.txt,0.6276311788877783
3874246458用户数据_2019-Q1.txt,0.6360200493336171
3877249753用户数据_2019-Q1.txt,0.5953407565416862
3881892648用户数据_2019-Q1.txt,0.6016991953218848
3883180457用户数据_2019-Q1.txt,0.6317950050508033
3885620895用户数据_2019-Q1.txt,0.5916077956390934
3889219503用户数据_2019-Q1.txt,0.603068279194978
3891419576用户数据_2019-Q1.txt,0.6072181464405217
3895560078用户数据_2019-Q1.txt,0.5806030997765839
3898416303用户数据_2019-Q1.txt,0.6366610332516636
3905794793用户数据_2019-Q1.txt,0.6238980612803106
3907784808用户数据_2019-Q1.txt,0.5914259761472738
3908036157用户数据_2019-Q1.txt,0.6702401815483514
3913552646用户数据_2019-Q1.txt,0.6964469897245329
3920996680用户数据_2019-Q1.txt,0.5753316814062382
3921831625用户数据_2019-Q1.txt,0.5991067740736872
3924052131用户数据_2019-Q1.txt,0.5215398993380761
3924141396用户数据_2019-Q1.txt,0.5910398928102802
3927173863用户数据_2019-Q1.txt,0.5986083974753466
3928645122用户数据_2019-Q1.txt,0.7068963726346985
3928933503用户数据_2019-Q1.txt,0.6004158039166019
3929608371用户数据_2019-Q1.txt,0.6218429686300783
3931193920用户数据_2019-Q1.txt,0.6103335780492976
3931313088用户数据_2019-Q1.txt,0.6156801240927495
3931668279用户数据_2019-Q1.txt,0.6142479288452931
3934374212用户数据_2019-Q1.txt,0.615600546809965
3940249846用户数据_2019-Q1.txt,0.6142479288452931
3941297866用户数据_2019-Q1.txt,0.6407207034360526
3944119214用户数据_2019-Q1.txt,0.6718926040165125
3944365247用户数据_2019-Q1.txt,0.6662852194103931
3944433525用户数据_2019-Q1.txt,0.6918838047367103
3945531671用户数据_2019-Q1.txt,0.604993376040359
3948041656用户数据_2019-Q1.txt,0.6281315815701147
3949531821用户数据_2019-Q1.txt,0.645411306991017
3950254107用户数据_2019-Q1.txt,0.5963575695783939
3950361711用户数据_2019-Q1.txt,0.5925117115034572
3951016865用户数据_2019-Q1.txt,0.5676002098745874
3957279236用户数据_2019-Q1.txt,0.5723692225228879
3958457898用户数据_2019-Q1.txt,0.7098963838095042
3960177159用户数据_2019-Q1.txt,0.6142479288452931
3962502167用户数据_2019-Q1.txt,0.5958153507735549
3963586196用户数据_2019-Q1.txt,0.6128854865681344
3965678603用户数据_2019-Q1.txt,0.5556251535962651
3969490904用户数据_2019-Q1.txt,0.6212239241610021
3973788787用户数据_2019-Q1.txt,0.6649360159750323
3979808340用户数据_2019-Q1.txt,0.6527186608715434
3985714148用户数据_2019-Q1.txt,0.5800878241224884
3987686931用户数据_2019-Q1.txt,0.6464564844545525
3987932126用户数据_2019-Q1.txt,0.5872984060976529
3993461871用户数据_2019-Q1.txt,0.5484332892120076
3994258340用户数据_2019-Q1.txt,0.6471075336068554
5016044668用户数据_2019-Q1.txt,0.509511529316279
5020125830用户数据_2019-Q1.txt,0.5664503156472616
5020647258用户数据_2019-Q1.txt,0.5874208321710568
5025268118用户数据_2019-Q1.txt,0.5873027321332962
5026402366用户数据_2019-Q1.txt,0.64789919105012
5027642893用户数据_2019-Q1.txt,0.6613043919518978
5027944484用户数据_2019-Q1.txt,0.6655952100150025
5030952942用户数据_2019-Q1.txt,0.613425043885774
5031423882用户数据_2019-Q1.txt,0.6067246823486749
5034941416用户数据_2019-Q1.txt,0.6413537316047262
5035215902用户数据_2019-Q1.txt,0.568127044778812
5035317934用户数据_2019-Q1.txt,0.6310512207418449
5037815352用户数据_2019-Q1.txt,0.6075175314574393
5039082942用户数据_2019-Q1.txt,0.5934942330318244
5044481352用户数据_2019-Q1.txt,0.6534803542527831
5046064900用户数据_2019-Q1.txt,0.49343701842133586
5051732338用户数据_2019-Q1.txt,0.6142479288452931
5053316632用户数据_2019-Q1.txt,0.6135588257732645
5054767832用户数据_2019-Q1.txt,0.5379521090447951
5055822713用户数据_2019-Q1.txt,0.4880164846469801
5056787091用户数据_2019-Q1.txt,0.6504617282888236
5061528996用户数据_2019-Q1.txt,0.6134799126832422
5064466904用户数据_2019-Q1.txt,0.6123804035678169
5065142743用户数据_2019-Q1.txt,0.5423752911087997
5065174078用户数据_2019-Q1.txt,0.5859111201217359
5077816164用户数据_2019-Q1.txt,0.5728244099828882
5078770834用户数据_2019-Q1.txt,0.5887303072842431
5081050052用户数据_2019-Q1.txt,0.6289178012793352
5094680608用户数据_2019-Q1.txt,0.6410913146030854
5096881501用户数据_2019-Q1.txt,0.5873516688998964
5097353323用户数据_2019-Q1.txt,0.6212365560468169
5098718645用户数据_2019-Q1.txt,0.6357239798450075
5099424292用户数据_2019-Q1.txt,0.5817818936127029
5100123900用户数据_2019-Q1.txt,0.6148310122611121
5100894547用户数据_2019-Q1.txt,0.5223181569589719
5101533859用户数据_2019-Q1.txt,0.7203308550436704
5112442422用户数据_2019-Q1.txt,0.6866863595715715
5116845355用户数据_2019-Q1.txt,0.6264698425090445
5116988565用户数据_2019-Q1.txt,0.606157766363423
5118866855用户数据_2019-Q1.txt,0.6285228747185543
5123487952用户数据_2019-Q1.txt,0.6087148826353016
5124304227用户数据_2019-Q1.txt,0.6036388545280628
5128300011用户数据_2019-Q1.txt,0.5937219525219157
5128302415用户数据_2019-Q1.txt,0.5990355066730768
5128444612用户数据_2019-Q1.txt,0.6374631715814327
5128630954用户数据_2019-Q1.txt,0.6671462054498308
5132047997用户数据_2019-Q1.txt,0.6160522831509427
5136876449用户数据_2019-Q1.txt,0.5972761027825848
5137119040用户数据_2019-Q1.txt,0.6298157397471694
5141507658用户数据_2019-Q1.txt,0.6066211237943798
5142481292用户数据_2019-Q1.txt,0.5847158865648359
5153947975用户数据_2019-Q1.txt,0.6026251539978397
5161862122用户数据_2019-Q1.txt,0.5919867375823357
5166929241用户数据_2019-Q1.txt,0.6142479288452931
5170345038用户数据_2019-Q1.txt,0.5124322529022647
5171418661用户数据_2019-Q1.txt,0.5848294839700989
5171501578用户数据_2019-Q1.txt,0.606078004307209
5171600549用户数据_2019-Q1.txt,0.6262993291541684
5173921402用户数据_2019-Q1.txt,0.5326997825316824
5174763332用户数据_2019-Q1.txt,0.5862579754704278
5175485936用户数据_2019-Q1.txt,0.6492246707370426
5177361903用户数据_2019-Q1.txt,0.5334167371274572
5178536172用户数据_2019-Q1.txt,0.6321896878158123
5179431878用户数据_2019-Q1.txt,0.6775021070881896
5180336638用户数据_2019-Q1.txt,0.6005394042494706
5180487745用户数据_2019-Q1.txt,0.6058648599651809
5183502311用户数据_2019-Q1.txt,0.6394593886241422
5188375246用户数据_2019-Q1.txt,0.5924555783660613
5190059730用户数据_2019-Q1.txt,0.6405433861035144
5190735863用户数据_2019-Q1.txt,0.5836684657267901
5193580082用户数据_2019-Q1.txt,0.7452522084811133
5196340577用户数据_2019-Q1.txt,0.5792763495120423
5197883122用户数据_2019-Q1.txt,0.5965431959136847
5199743844用户数据_2019-Q1.txt,0.6485853683798865
5203159395用户数据_2019-Q1.txt,0.5947322361968115
5203199130用户数据_2019-Q1.txt,0.6576077610576981
5204083680用户数据_2019-Q1.txt,0.6146150265118003
5204534256用户数据_2019-Q1.txt,0.649807485035771
5205345570用户数据_2019-Q1.txt,0.6127405158752304
5208098371用户数据_2019-Q1.txt,0.5867833483349896
5208833451用户数据_2019-Q1.txt,0.775176306932721
5208844714用户数据_2019-Q1.txt,0.6779988888917939
5210947310用户数据_2019-Q1.txt,0.5858644821089436
5212265172用户数据_2019-Q1.txt,0.5630933350256145
5212820746用户数据_2019-Q1.txt,0.7114379339538633
5213935923用户数据_2019-Q1.txt,0.6142479288452931
5218237252用户数据_2019-Q1.txt,0.5473408966169098
5220571514用户数据_2019-Q1.txt,0.6187059718296076
5220858542用户数据_2019-Q1.txt,0.6433649507534708
5221050405用户数据_2019-Q1.txt,0.6059895790575998
5225139372用户数据_2019-Q1.txt,0.6020752892266671
5226901944用户数据_2019-Q1.txt,0.5877756615898648
5231241857用户数据_2019-Q1.txt,0.6142479288452931
5233181973用户数据_2019-Q1.txt,0.623021289502792
5234797581用户数据_2019-Q1.txt,0.5684034920275257
5236079063用户数据_2019-Q1.txt,0.6293413604617001
5236794615用户数据_2019-Q1.txt,0.6354503764527537
5237303667用户数据_2019-Q1.txt,0.5707110412569826
5237318113用户数据_2019-Q1.txt,0.5859730349162818
5238332040用户数据_2019-Q1.txt,0.6235492350268339
5238509171用户数据_2019-Q1.txt,0.6203708726387797
5239577889用户数据_2019-Q1.txt,0.6419311802756759
5239757129用户数据_2019-Q1.txt,0.608728166138959
5243616396用户数据_2019-Q1.txt,0.6136502515236462
5243705276用户数据_2019-Q1.txt,0.6142479288452931
5243867896用户数据_2019-Q1.txt,0.6184848072648459
5244099626用户数据_2019-Q1.txt,0.717050573749214
5245659959用户数据_2019-Q1.txt,0.6351909109527901
5247826248用户数据_2019-Q1.txt,0.6349032986690506
5253634428用户数据_2019-Q1.txt,0.6250918603386485
5254029421用户数据_2019-Q1.txt,0.3187194078552068
5255398186用户数据_2019-Q1.txt,0.7710376029504407
5255503841用户数据_2019-Q1.txt,0.6142479288452931
5255610144用户数据_2019-Q1.txt,0.582431328395621
5255807346用户数据_2019-Q1.txt,0.5830056291741074
5256430409用户数据_2019-Q1.txt,0.7362932575245991
5262475287用户数据_2019-Q1.txt,0.6128785114245564
5266456652用户数据_2019-Q1.txt,0.578074245044722
5267699032用户数据_2019-Q1.txt,0.629243411266754
5270296564用户数据_2019-Q1.txt,0.657264186610493
5273323206用户数据_2019-Q1.txt,0.6544442027823738
5277569901用户数据_2019-Q1.txt,0.6106606392228178
5283192570用户数据_2019-Q1.txt,0.6332301801497422
5284221230用户数据_2019-Q1.txt,0.6067035443297117
5285466201用户数据_2019-Q1.txt,0.5971706865646005
5286006300用户数据_2019-Q1.txt,0.6082260989198007
5286048050用户数据_2019-Q1.txt,0.6239837994037972
5286138215用户数据_2019-Q1.txt,0.6142479288452931
5290882505用户数据_2019-Q1.txt,0.6095677116722112
5292147320用户数据_2019-Q1.txt,0.5942611311882736
5293370678用户数据_2019-Q1.txt,0.6008246970940331
5294658009用户数据_2019-Q1.txt,0.6207832201029131
5299576117用户数据_2019-Q1.txt,0.7336173870763405
5304541583用户数据_2019-Q1.txt,0.6731357214515868
5308735921用户数据_2019-Q1.txt,0.6099646566432458
5310329837用户数据_2019-Q1.txt,0.6146026163221044
5311256340用户数据_2019-Q1.txt,0.5575819578757397
5311932319用户数据_2019-Q1.txt,0.6126820960190671
5312181154用户数据_2019-Q1.txt,0.6056742191148128
5314449737用户数据_2019-Q1.txt,0.6419220311413372
5314463089用户数据_2019-Q1.txt,0.5860285441825911
5314566757用户数据_2019-Q1.txt,0.6186514950727188
5315579755用户数据_2019-Q1.txt,0.6318826967187644
5316273384用户数据_2019-Q1.txt,0.6352166552669557
5316586289用户数据_2019-Q1.txt,0.6363957626940149
5316745201用户数据_2019-Q1.txt,0.6101061437363711
5318251090用户数据_2019-Q1.txt,0.6423143892431237
5318938115用户数据_2019-Q1.txt,0.6006876512025413
5319098196用户数据_2019-Q1.txt,0.6506820622311391
5321186473用户数据_2019-Q1.txt,0.6149643922125233
5321806265用户数据_2019-Q1.txt,0.6803371323191209
5324632410用户数据_2019-Q1.txt,0.6315101962292923
5328036930用户数据_2019-Q1.txt,0.6739613919084269
5332716010用户数据_2019-Q1.txt,0.5831798742048327
5334786426用户数据_2019-Q1.txt,0.7272899973969703
5336346612用户数据_2019-Q1.txt,0.5759949729699079
5336388516用户数据_2019-Q1.txt,0.5521252864172187
5341604841用户数据_2019-Q1.txt,0.6535867404368573
5341989290用户数据_2019-Q1.txt,0.6105671337197324
5347855386用户数据_2019-Q1.txt,0.6513728415753479
5349907160用户数据_2019-Q1.txt,0.6368926793316319
5350046068用户数据_2019-Q1.txt,0.6445767703535965
5354410958用户数据_2019-Q1.txt,0.6443843309403153
5355814360用户数据_2019-Q1.txt,0.5390568185316095
5356013724用户数据_2019-Q1.txt,0.607961878011722
5356107717用户数据_2019-Q1.txt,0.527719423765266
5359098526用户数据_2019-Q1.txt,0.6224600910268545
5361082377用户数据_2019-Q1.txt,0.5769424276942434
5361656228用户数据_2019-Q1.txt,0.6148242496913319
5363256378用户数据_2019-Q1.txt,0.6641194943887068
5368281859用户数据_2019-Q1.txt,0.5538424736333145
5368733263用户数据_2019-Q1.txt,0.5947579230206123
5369425229用户数据_2019-Q1.txt,0.624490706915723
5369914417用户数据_2019-Q1.txt,0.5938981107553835
5370586943用户数据_2019-Q1.txt,0.6203509074577929
5373522554用户数据_2019-Q1.txt,0.6302845966853937
5374362764用户数据_2019-Q1.txt,0.5918065562133132
5380284250用户数据_2019-Q1.txt,0.6850346165539962
5384074174用户数据_2019-Q1.txt,0.6675322337515144
5384923067用户数据_2019-Q1.txt,0.5604958009706705
5385349105用户数据_2019-Q1.txt,0.502546650871019
5386341136用户数据_2019-Q1.txt,0.619985213297482
5390536759用户数据_2019-Q1.txt,0.6116966231192762
5391136810用户数据_2019-Q1.txt,0.4036254147228375
5395564619用户数据_2019-Q1.txt,0.6201781162018515
5395976909用户数据_2019-Q1.txt,0.7413425509103465
5401090370用户数据_2019-Q1.txt,0.6142479288452931
5402813781用户数据_2019-Q1.txt,0.6252344285678306
5404019318用户数据_2019-Q1.txt,0.5541361410411164
5404169910用户数据_2019-Q1.txt,0.6094232993883181
5405836587用户数据_2019-Q1.txt,0.6080890405195497
5414438842用户数据_2019-Q1.txt,0.5689607013641632
5416391505用户数据_2019-Q1.txt,0.6658810100129713
5416445404用户数据_2019-Q1.txt,0.5585902091922563
5417348268用户数据_2019-Q1.txt,0.6547550242647316
5417566243用户数据_2019-Q1.txt,0.5679421114918745
5417693651用户数据_2019-Q1.txt,0.49318876862225725
5423004360用户数据_2019-Q1.txt,0.5868358314181694
5428976343用户数据_2019-Q1.txt,0.6499352935284461
5432672454用户数据_2019-Q1.txt,0.6335497126713543
5448835642用户数据_2019-Q1.txt,0.6922439279264363
5449480530用户数据_2019-Q1.txt,0.6554047969955287
5449551561用户数据_2019-Q1.txt,0.6009923026581906
5450193884用户数据_2019-Q1.txt,0.6333197806332744
5450589588用户数据_2019-Q1.txt,0.6303327487003442
5451395924用户数据_2019-Q1.txt,0.6871120540942931
5454827432用户数据_2019-Q1.txt,0.674074595257755
5455466404用户数据_2019-Q1.txt,0.6226805979540122
5456437228用户数据_2019-Q1.txt,0.635743013246604
5458337423用户数据_2019-Q1.txt,0.6252640189448937
5459473199用户数据_2019-Q1.txt,0.6244067624379569
5460575000用户数据_2019-Q1.txt,0.6469962116284722
5464002827用户数据_2019-Q1.txt,0.6164908924013134
5464808415用户数据_2019-Q1.txt,0.6045530053214515
5470563196用户数据_2019-Q1.txt,0.6545146173015679
5471176340用户数据_2019-Q1.txt,0.5821030229624107
5474540722用户数据_2019-Q1.txt,0.556592865010247
5476528352用户数据_2019-Q1.txt,0.5802162993389488
5478826212用户数据_2019-Q1.txt,0.6295051907007148
5479242108用户数据_2019-Q1.txt,0.6687703722855575
5479352710用户数据_2019-Q1.txt,0.5761536298042539
5480904564用户数据_2019-Q1.txt,0.5863498787906368
5481374544用户数据_2019-Q1.txt,0.6404976875053735
5481816657用户数据_2019-Q1.txt,0.44875456950100295
5484754026用户数据_2019-Q1.txt,0.6366671742767775
5489729726用户数据_2019-Q1.txt,0.6384097921399969
5492117147用户数据_2019-Q1.txt,0.6035596255644124
5492764294用户数据_2019-Q1.txt,0.6275550817779942
5494261564用户数据_2019-Q1.txt,0.7788138191048506
5498906980用户数据_2019-Q1.txt,0.6062559653168571
5500005233用户数据_2019-Q1.txt,0.6019917429260982
5502356974用户数据_2019-Q1.txt,0.6142479288452931
5503636200用户数据_2019-Q1.txt,0.618931077705794
5504314626用户数据_2019-Q1.txt,0.683879926019116
5504572237用户数据_2019-Q1.txt,0.6370287674268524
5505457158用户数据_2019-Q1.txt,0.6932657704402434
5510793221用户数据_2019-Q1.txt,0.604296434260076
5511727497用户数据_2019-Q1.txt,0.707414195067429
5513893702用户数据_2019-Q1.txt,0.5830496325502874
5513968191用户数据_2019-Q1.txt,0.596333529790201
5516557779用户数据_2019-Q1.txt,0.5928878881296188
5518551696用户数据_2019-Q1.txt,0.6278783921490652
5519739715用户数据_2019-Q1.txt,0.6018385721118805
5519791511用户数据_2019-Q1.txt,0.6160861939715847
5520422566用户数据_2019-Q1.txt,0.6468277701123748
5520823144用户数据_2019-Q1.txt,0.7794709375298625
5521057004用户数据_2019-Q1.txt,0.6154380043952226
5522422123用户数据_2019-Q1.txt,0.6058633282877065
5522642058用户数据_2019-Q1.txt,0.6057151411800309
5523581549用户数据_2019-Q1.txt,0.6142479288452931
5523703369用户数据_2019-Q1.txt,0.6545119596918543
5525049923用户数据_2019-Q1.txt,0.6476014538078101
5525082857用户数据_2019-Q1.txt,0.6317542963743027
5525857998用户数据_2019-Q1.txt,0.6142479288452931
5525949675用户数据_2019-Q1.txt,0.6336226206066448
5526255823用户数据_2019-Q1.txt,0.6045566957584849
5526346377用户数据_2019-Q1.txt,0.6142479288452931
5526461847用户数据_2019-Q1.txt,0.6248886965048589
5527359373用户数据_2019-Q1.txt,0.5985837407248784
5531431733用户数据_2019-Q1.txt,0.6142479288452931
5531546260用户数据_2019-Q1.txt,0.6606984089880323
5531950308用户数据_2019-Q1.txt,0.7413599734944462
5532122340用户数据_2019-Q1.txt,0.6450486656272618
5534271564用户数据_2019-Q1.txt,0.5832828482972646
5534504427用户数据_2019-Q1.txt,0.6479669102094909
5536477891用户数据_2019-Q1.txt,0.6033660424397315
5536605677用户数据_2019-Q1.txt,0.717166194986957
5537818970用户数据_2019-Q1.txt,0.6142479288452931
5541907952用户数据_2019-Q1.txt,0.6157148562324476
5542190078用户数据_2019-Q1.txt,0.6910958398613719
5543570941用户数据_2019-Q1.txt,0.5767994838091167
5544011807用户数据_2019-Q1.txt,0.6142479288452931
5544712907用户数据_2019-Q1.txt,0.6085165295558606
5546217292用户数据_2019-Q1.txt,0.6295195615086894
5548515750用户数据_2019-Q1.txt,0.5822899633460221
5551994533用户数据_2019-Q1.txt,0.5725321987972318
5554974156用户数据_2019-Q1.txt,0.6337209187875539
5556596613用户数据_2019-Q1.txt,0.6042938586833301
5563452535用户数据_2019-Q1.txt,0.6530110027682449
5563977308用户数据_2019-Q1.txt,0.6311858462784992
5566308809用户数据_2019-Q1.txt,0.6293734027954977
5569933258用户数据_2019-Q1.txt,0.6591442716913747
5574070502用户数据_2019-Q1.txt,0.5718428927622154
5575906255用户数据_2019-Q1.txt,0.6932469911874738
5579376707用户数据_2019-Q1.txt,0.5494725016318742
5581560348用户数据_2019-Q1.txt,0.6249145743398618
5581975810用户数据_2019-Q1.txt,0.601496943553498
5583678986用户数据_2019-Q1.txt,0.6827238118550107
5583756045用户数据_2019-Q1.txt,0.6662453647191083
5583861091用户数据_2019-Q1.txt,0.6150471686561114
5586222141用户数据_2019-Q1.txt,0.5920696354823167
5587419289用户数据_2019-Q1.txt,0.644228632449327
5589364805用户数据_2019-Q1.txt,0.6052851041166095
5589948206用户数据_2019-Q1.txt,0.6142479288452931
5590302382用户数据_2019-Q1.txt,0.6882283804951003
5591022114用户数据_2019-Q1.txt,0.5691840760385816
5593238412用户数据_2019-Q1.txt,0.60530610586183
5595548768用户数据_2019-Q1.txt,0.6479916909377874
5597691631用户数据_2019-Q1.txt,0.6816609669472621
5598381248用户数据_2019-Q1.txt,0.6142479288452931
5598764666用户数据_2019-Q1.txt,0.5477443244541069
5599036855用户数据_2019-Q1.txt,0.5853861992433631
5600137164用户数据_2019-Q1.txt,0.585904875342436
5601861254用户数据_2019-Q1.txt,0.627443505899016
5602160644用户数据_2019-Q1.txt,0.6165481697343089
5602701443用户数据_2019-Q1.txt,0.7113662406929934
5608311410用户数据_2019-Q1.txt,0.6142479288452931
5609079364用户数据_2019-Q1.txt,0.6317950050508033
5609111682用户数据_2019-Q1.txt,0.537521309602643
5611496633用户数据_2019-Q1.txt,0.6142479288452931
5614230986用户数据_2019-Q1.txt,0.6746419306167828
5614458696用户数据_2019-Q1.txt,0.58185417553587
5614596167用户数据_2019-Q1.txt,0.6142479288452931
5616387439用户数据_2019-Q1.txt,0.6778771676420623
5617490584用户数据_2019-Q1.txt,0.6190364326055433
5620850051用户数据_2019-Q1.txt,0.6021635085882779
5623788839用户数据_2019-Q1.txt,0.6478492810467963
5624986818用户数据_2019-Q1.txt,0.5839586173573805
5625021517用户数据_2019-Q1.txt,0.5919926460101264
5626650816用户数据_2019-Q1.txt,0.6142479288452931
5627863009用户数据_2019-Q1.txt,0.6159992117651427
5628293894用户数据_2019-Q1.txt,0.634483597668567
5632760820用户数据_2019-Q1.txt,0.7018764194195805
5633460972用户数据_2019-Q1.txt,0.5809690880204352
5634702520用户数据_2019-Q1.txt,0.6029644615960945
5637452404用户数据_2019-Q1.txt,0.5695394348827756
5639162784用户数据_2019-Q1.txt,0.921789249696344
5639908015用户数据_2019-Q1.txt,0.5508453309416043
5641291404用户数据_2019-Q1.txt,0.6268846735640534
5641987326用户数据_2019-Q1.txt,0.6037857604663235
5643499193用户数据_2019-Q1.txt,0.5838058388124641
5644571139用户数据_2019-Q1.txt,0.6264038303540913
5645609810用户数据_2019-Q1.txt,0.6556462012379386
5646721509用户数据_2019-Q1.txt,1.0369563424697472
5647927967用户数据_2019-Q1.txt,0.6263267291995911
5648845862用户数据_2019-Q1.txt,0.6953810119091135
5649943720用户数据_2019-Q1.txt,0.6447639290161081
5650277280用户数据_2019-Q1.txt,0.6601432090354513
5650915321用户数据_2019-Q1.txt,0.649938057766827
5651414884用户数据_2019-Q1.txt,0.5859779047899081
5651623550用户数据_2019-Q1.txt,0.6128583349336497
5652064524用户数据_2019-Q1.txt,0.5596166260965971
5652355406用户数据_2019-Q1.txt,0.680170465981613
5653429946用户数据_2019-Q1.txt,0.6091181744908657
5654465935用户数据_2019-Q1.txt,0.6084042355875964
5655979908用户数据_2019-Q1.txt,0.6480047541726246
5658903167用户数据_2019-Q1.txt,0.6142479288452931
5660161009用户数据_2019-Q1.txt,0.7034992729103943
5661561143用户数据_2019-Q1.txt,0.6764092881958761
5661767050用户数据_2019-Q1.txt,0.6382275260613745
5662245171用户数据_2019-Q1.txt,0.6152569262523516
5662892793用户数据_2019-Q1.txt,0.6062624737600171
5664385092用户数据_2019-Q1.txt,0.6601844555774967
5664787121用户数据_2019-Q1.txt,0.5915169826683103
5665891828用户数据_2019-Q1.txt,0.6151995737872648
5665910490用户数据_2019-Q1.txt,0.6142479288452931
5666059634用户数据_2019-Q1.txt,0.5624761962547372
5666411987用户数据_2019-Q1.txt,0.5980376128046849
5666458235用户数据_2019-Q1.txt,0.7012074071003296
5667797506用户数据_2019-Q1.txt,0.5745466474152549
5667954606用户数据_2019-Q1.txt,0.6116502150324425
5669186558用户数据_2019-Q1.txt,0.6974172156656653
5670638136用户数据_2019-Q1.txt,0.6512511276191082
5671478125用户数据_2019-Q1.txt,0.6218120199405754
5675326209用户数据_2019-Q1.txt,0.6142479288452931
5675570604用户数据_2019-Q1.txt,0.5758448845458699
5676071682用户数据_2019-Q1.txt,0.6103558484302148
5677465303用户数据_2019-Q1.txt,0.6510955689319227
5677896030用户数据_2019-Q1.txt,0.6224275709406846
5678498404用户数据_2019-Q1.txt,0.6118625611096625
5679001128用户数据_2019-Q1.txt,0.6498808138427501
5679339215用户数据_2019-Q1.txt,0.6071368779980233
5680515252用户数据_2019-Q1.txt,0.5657136710886901
5681580588用户数据_2019-Q1.txt,0.6024117559947234
5684055587用户数据_2019-Q1.txt,0.6437580730974434
5685286531用户数据_2019-Q1.txt,0.6263115437365814
5685483909用户数据_2019-Q1.txt,0.6290420988536319
5685759449用户数据_2019-Q1.txt,0.5870140930147583
5686068505用户数据_2019-Q1.txt,0.5723358881114176
5686350373用户数据_2019-Q1.txt,0.6095213232644098
5688467907用户数据_2019-Q1.txt,0.6413911597261222
5688980462用户数据_2019-Q1.txt,0.7274849156990107
5689127155用户数据_2019-Q1.txt,0.6046308577307433
5692937243用户数据_2019-Q1.txt,0.6154264623021327
5693630272用户数据_2019-Q1.txt,0.6190733748018085
5700309499用户数据_2019-Q1.txt,0.5682416498120542
5700588586用户数据_2019-Q1.txt,0.5956255225030456
5702671000用户数据_2019-Q1.txt,0.5381010082005716
5702742647用户数据_2019-Q1.txt,0.6559456588547723
5704666726用户数据_2019-Q1.txt,0.6145721314837803
5705697605用户数据_2019-Q1.txt,0.6347261827788031
5705742088用户数据_2019-Q1.txt,0.5933462221160732
5706404375用户数据_2019-Q1.txt,0.5898888069714862
5708403101用户数据_2019-Q1.txt,0.6120481005451425
5708517202用户数据_2019-Q1.txt,0.6708182676302668
5711213393用户数据_2019-Q1.txt,0.6446994910697731
5711778054用户数据_2019-Q1.txt,0.5928830590383734
5711824745用户数据_2019-Q1.txt,0.6131204878459885
5711840167用户数据_2019-Q1.txt,0.6194128761751972
5711887200用户数据_2019-Q1.txt,0.4396006940613202
5713766662用户数据_2019-Q1.txt,0.6166758261819046
5716913247用户数据_2019-Q1.txt,0.655510979899645
5718400575用户数据_2019-Q1.txt,0.6301089565659413
5718439192用户数据_2019-Q1.txt,0.6175970377441667
5723466333用户数据_2019-Q1.txt,0.6244067624379569
5723699723用户数据_2019-Q1.txt,0.5480589727754801
5731590064用户数据_2019-Q1.txt,0.5892223818284466
5731780211用户数据_2019-Q1.txt,0.6159821925713189
5734374058用户数据_2019-Q1.txt,0.7475166729947224
5734732772用户数据_2019-Q1.txt,0.6169824381643373
5738665507用户数据_2019-Q1.txt,0.6142479288452931
5746059995用户数据_2019-Q1.txt,0.6466206994611932
5746682659用户数据_2019-Q1.txt,0.5950628423932652
5748792623用户数据_2019-Q1.txt,0.6047472542128336
5750106006用户数据_2019-Q1.txt,0.887617991824005
5750210254用户数据_2019-Q1.txt,0.6192236891135499
5750732924用户数据_2019-Q1.txt,0.657486724031173
5751077771用户数据_2019-Q1.txt,0.6142479288452931
5753554666用户数据_2019-Q1.txt,0.6142479288452931
5755868692用户数据_2019-Q1.txt,0.6603791269729508
5758892353用户数据_2019-Q1.txt,0.6585370044710211
5764891330用户数据_2019-Q1.txt,0.6023782301219998
5766719936用户数据_2019-Q1.txt,0.6320138437576124
5770399408用户数据_2019-Q1.txt,0.579198922108782
5773856452用户数据_2019-Q1.txt,0.577360222253514
5776332243用户数据_2019-Q1.txt,0.6053315483450618
5776610474用户数据_2019-Q1.txt,0.6313326077861363
5780828506用户数据_2019-Q1.txt,0.7413425509103465
5781177701用户数据_2019-Q1.txt,0.5139504931599994
5782360458用户数据_2019-Q1.txt,0.6217534005359108
5783180100用户数据_2019-Q1.txt,0.6000021736358876
5785159695用户数据_2019-Q1.txt,0.620313956779402
5786302479用户数据_2019-Q1.txt,0.6403038391961469
5788533263用户数据_2019-Q1.txt,0.6142479288452931
5790598412用户数据_2019-Q1.txt,0.6301515578363994
5792828438用户数据_2019-Q1.txt,0.5613838498930722
5792894551用户数据_2019-Q1.txt,0.6254881343948159
5794892890用户数据_2019-Q1.txt,0.6142479288452931
5798193936用户数据_2019-Q1.txt,0.6111254318068677
5799620355用户数据_2019-Q1.txt,0.5891711173126052
5802041801用户数据_2019-Q1.txt,0.624051755774853
5804944147用户数据_2019-Q1.txt,0.6235886594343187
5813491048用户数据_2019-Q1.txt,0.6230344356862944
5816890427用户数据_2019-Q1.txt,0.775176306932721
5816978364用户数据_2019-Q1.txt,0.6603947700406557
5825706641用户数据_2019-Q1.txt,0.5940497044147001
5825741135用户数据_2019-Q1.txt,0.6142479288452931
5826245909用户数据_2019-Q1.txt,0.6430167482949983
5827781107用户数据_2019-Q1.txt,0.5527941140230936
5827896644用户数据_2019-Q1.txt,0.6260667430420112
5828963393用户数据_2019-Q1.txt,0.5093157533806998
5829155072用户数据_2019-Q1.txt,0.5555835110541415
5829262586用户数据_2019-Q1.txt,0.6156052955348229
5831392819用户数据_2019-Q1.txt,0.7221539310603305
5836640879用户数据_2019-Q1.txt,0.6267747646779831
5843580319用户数据_2019-Q1.txt,0.6093832622847531
5844346100用户数据_2019-Q1.txt,0.6229339291817351
5845583327用户数据_2019-Q1.txt,0.6464175685553951
5846064443用户数据_2019-Q1.txt,0.6263316877181249
5847393511用户数据_2019-Q1.txt,0.6343668496541252
5847702136用户数据_2019-Q1.txt,0.52727887254743
5848500617用户数据_2019-Q1.txt,0.6077255481677242
5848754680用户数据_2019-Q1.txt,0.6311911029185729
5850530993用户数据_2019-Q1.txt,0.6212164612043317
5850638758用户数据_2019-Q1.txt,0.5953171091653477
5852290602用户数据_2019-Q1.txt,0.6612492273264534
5854357173用户数据_2019-Q1.txt,0.6462234150458236
5854440054用户数据_2019-Q1.txt,0.613129502065979
5856599129用户数据_2019-Q1.txt,0.6142479288452931
5857075270用户数据_2019-Q1.txt,0.6142479288452931
5859719443用户数据_2019-Q1.txt,0.6253139477419056
5860496909用户数据_2019-Q1.txt,0.6437276380170657
5863462699用户数据_2019-Q1.txt,0.636664739095757
5863899330用户数据_2019-Q1.txt,0.6682416003662573
5868451952用户数据_2019-Q1.txt,0.606492460022425
5870230293用户数据_2019-Q1.txt,0.640336397261463
5873877881用户数据_2019-Q1.txt,0.6142479288452931
5876037441用户数据_2019-Q1.txt,0.6113616871784902
5876633816用户数据_2019-Q1.txt,0.6473893669775723
5880271819用户数据_2019-Q1.txt,0.5872251292203822
5883226966用户数据_2019-Q1.txt,0.6250345983069537
5885096358用户数据_2019-Q1.txt,0.5548200872410614
5885634518用户数据_2019-Q1.txt,0.6064329512124514
5887941508用户数据_2019-Q1.txt,0.6083347492927995
5888116192用户数据_2019-Q1.txt,0.608381192414865
5889442719用户数据_2019-Q1.txt,0.6414729251720177
5889564767用户数据_2019-Q1.txt,0.6553947289859049
5889621689用户数据_2019-Q1.txt,0.5849983547190082
5890455381用户数据_2019-Q1.txt,0.6142479288452931
5892285634用户数据_2019-Q1.txt,0.6226079136772098
5892285868用户数据_2019-Q1.txt,0.6272921630533781
5892707913用户数据_2019-Q1.txt,0.6396668532583037
5894816039用户数据_2019-Q1.txt,0.642632905060089
5895101412用户数据_2019-Q1.txt,0.6142479288452931
5898129859用户数据_2019-Q1.txt,0.6142479288452931
5899644878用户数据_2019-Q1.txt,0.6296494213393395
5902497061用户数据_2019-Q1.txt,0.6090090179520439
5902824962用户数据_2019-Q1.txt,0.6142479288452931
5905810355用户数据_2019-Q1.txt,0.61672320003401
5910851687用户数据_2019-Q1.txt,0.6778771676420623
5928361714用户数据_2019-Q1.txt,0.562549546449558
5928952846用户数据_2019-Q1.txt,0.8461180534312482
5932201111用户数据_2019-Q1.txt,0.6203542785445025
5933700822用户数据_2019-Q1.txt,0.6161415060989887
5934067839用户数据_2019-Q1.txt,0.6725392290444931
5935496206用户数据_2019-Q1.txt,0.5531297667998436
5936967282用户数据_2019-Q1.txt,0.6121936166965204
5944035772用户数据_2019-Q1.txt,0.5749840065461472
5947326637用户数据_2019-Q1.txt,0.6181873508205167
5948823483用户数据_2019-Q1.txt,0.6014989622126362
5953508095用户数据_2019-Q1.txt,0.6461384876289471
5953664742用户数据_2019-Q1.txt,0.6122560620689068
5955365313用户数据_2019-Q1.txt,0.610915892219472
5955912038用户数据_2019-Q1.txt,0.6499924814189046
5957566293用户数据_2019-Q1.txt,0.5849558056909863
5960389531用户数据_2019-Q1.txt,0.6142479288452931
5961174886用户数据_2019-Q1.txt,0.6142479288452931
5963678815用户数据_2019-Q1.txt,0.6126749529770842
5966941165用户数据_2019-Q1.txt,0.5989269657811862
5969785507用户数据_2019-Q1.txt,0.5993087909246195
5971123727用户数据_2019-Q1.txt,0.692743155666997
5973003313用户数据_2019-Q1.txt,0.5719419180529527
5973047389用户数据_2019-Q1.txt,0.5737137294079268
5977572782用户数据_2019-Q1.txt,0.6077819620594288
5979623621用户数据_2019-Q1.txt,0.6142479288452931
5981860320用户数据_2019-Q1.txt,0.6236281428251794
5984133454用户数据_2019-Q1.txt,0.6541645664556051
5987983698用户数据_2019-Q1.txt,0.6318059426784206
5990646128用户数据_2019-Q1.txt,0.6274497088177604
5991109080用户数据_2019-Q1.txt,0.45514462945271583
5992546266用户数据_2019-Q1.txt,0.6350900793642092
5992861279用户数据_2019-Q1.txt,0.6064581570469243
5993326155用户数据_2019-Q1.txt,0.638727999475728
5993808801用户数据_2019-Q1.txt,0.6383751586278696
5994401927用户数据_2019-Q1.txt,0.5997419561999927
5996087953用户数据_2019-Q1.txt,0.6906234937382201
5996089688用户数据_2019-Q1.txt,0.6142479288452931
5996311020用户数据_2019-Q1.txt,0.5421350442483341
5997335042用户数据_2019-Q1.txt,0.6834681906383371
5997410158用户数据_2019-Q1.txt,0.5977775879621466
5998079332用户数据_2019-Q1.txt,0.6075482148370485
5999374724用户数据_2019-Q1.txt,0.6142479288452931
5999759578用户数据_2019-Q1.txt,0.633639960100408
6000300688用户数据_2019-Q1.txt,0.6502328652599736
6000329874用户数据_2019-Q1.txt,0.6231031823332279
6001212075用户数据_2019-Q1.txt,0.6116284101259643
6005778289用户数据_2019-Q1.txt,0.5497953731258123
6005879269用户数据_2019-Q1.txt,0.7819977402185936
6008204754用户数据_2019-Q1.txt,0.6196887550541696
6009048308用户数据_2019-Q1.txt,0.5799637253793909
6010854249用户数据_2019-Q1.txt,0.6642994323890954
6012840084用户数据_2019-Q1.txt,0.5891784663360128
6013393964用户数据_2019-Q1.txt,0.6172991050468638
6015586925用户数据_2019-Q1.txt,0.6478522507490233
6016681739用户数据_2019-Q1.txt,0.5997390241446855
6017844207用户数据_2019-Q1.txt,0.6298172038937566
6019466107用户数据_2019-Q1.txt,0.5933640210432563
6021314945用户数据_2019-Q1.txt,0.6142479288452931
6022117745用户数据_2019-Q1.txt,0.6142479288452931
6022633097用户数据_2019-Q1.txt,0.48972943159615556
6027028592用户数据_2019-Q1.txt,0.6142479288452931
6030520160用户数据_2019-Q1.txt,0.616212676739345
6031717075用户数据_2019-Q1.txt,0.6296424783164571
6032378345用户数据_2019-Q1.txt,0.595007868687624
6032925276用户数据_2019-Q1.txt,0.7080863570627604
6034360046用户数据_2019-Q1.txt,0.6449166961407522
6035358521用户数据_2019-Q1.txt,0.6721035766335204
6036285957用户数据_2019-Q1.txt,0.6439213643203885
6040164715用户数据_2019-Q1.txt,0.6224580073992013
6040252674用户数据_2019-Q1.txt,0.5919218297714917
6042512924用户数据_2019-Q1.txt,0.6142479288452931
6043343070用户数据_2019-Q1.txt,0.5920542807318194
6043729965用户数据_2019-Q1.txt,0.6203473468996856
6044525060用户数据_2019-Q1.txt,0.5825696727130433
6046760406用户数据_2019-Q1.txt,0.6490039797911348
6047073711用户数据_2019-Q1.txt,0.6142479288452931
6052860043用户数据_2019-Q1.txt,0.5777831505514246
6055612591用户数据_2019-Q1.txt,0.6222493367475735
6061311923用户数据_2019-Q1.txt,0.6142479288452931
6064130504用户数据_2019-Q1.txt,0.624545702578283
6066376002用户数据_2019-Q1.txt,0.6004909854666051
6066557904用户数据_2019-Q1.txt,0.6470378596114866
6068750538用户数据_2019-Q1.txt,0.5711954197942449
6071824588用户数据_2019-Q1.txt,0.6544301873295877
6072145992用户数据_2019-Q1.txt,0.8084845525406937
6072214822用户数据_2019-Q1.txt,0.5912599898033337
6072481320用户数据_2019-Q1.txt,0.6221784543304382
6075913076用户数据_2019-Q1.txt,0.7117420132402955
6077700968用户数据_2019-Q1.txt,0.6006726611200167
6077877050用户数据_2019-Q1.txt,0.5564687977729658
6080088417用户数据_2019-Q1.txt,0.5601641056755453
6081640912用户数据_2019-Q1.txt,0.5999407612409131
6082300627用户数据_2019-Q1.txt,0.6142479288452931
6082751122用户数据_2019-Q1.txt,0.6135248670726459
6083669255用户数据_2019-Q1.txt,0.7118276797850517
6085444618用户数据_2019-Q1.txt,0.6068465711576251
6087403013用户数据_2019-Q1.txt,0.6225557276454696
6088362812用户数据_2019-Q1.txt,0.6880578458495453
6094179338用户数据_2019-Q1.txt,0.5889169127604286
6094747102用户数据_2019-Q1.txt,0.5635686989717422
6098435061用户数据_2019-Q1.txt,0.6675456735822509
6100963102用户数据_2019-Q1.txt,0.630696946468399
6102778445用户数据_2019-Q1.txt,0.6015405655421998
6114766451用户数据_2019-Q1.txt,0.7812081143783651
6115064464用户数据_2019-Q1.txt,0.6708658485722733
6115088164用户数据_2019-Q1.txt,0.3000994306103535
6118399913用户数据_2019-Q1.txt,0.5486466919637953
6119591009用户数据_2019-Q1.txt,0.6142479288452931
6122508660用户数据_2019-Q1.txt,0.6681403544530089
6127872875用户数据_2019-Q1.txt,0.5754379098384479
6129071685用户数据_2019-Q1.txt,0.5503462166299125
6129973201用户数据_2019-Q1.txt,0.5903326135414914
6130564245用户数据_2019-Q1.txt,0.6234329611565775
6132082652用户数据_2019-Q1.txt,0.6142479288452931
6134265685用户数据_2019-Q1.txt,0.5496018554598834
6134427592用户数据_2019-Q1.txt,0.6142479288452931
6134962209用户数据_2019-Q1.txt,0.6142479288452931
6137609569用户数据_2019-Q1.txt,0.6506371028278164
6140564244用户数据_2019-Q1.txt,0.6242272128582497
6145964232用户数据_2019-Q1.txt,0.7784883249774917
6155842288用户数据_2019-Q1.txt,0.5877463261096124
6156578275用户数据_2019-Q1.txt,0.6175383927152163
6157014436用户数据_2019-Q1.txt,0.6206702892490464
6169706470用户数据_2019-Q1.txt,0.5478350400050599
6172693974用户数据_2019-Q1.txt,0.6146088083485769
6173468027用户数据_2019-Q1.txt,0.5598252772557484
6174926590用户数据_2019-Q1.txt,0.6017896645263329
6180582529用户数据_2019-Q1.txt,0.5953844062289047
6187177173用户数据_2019-Q1.txt,0.6329835706655345
6188839727用户数据_2019-Q1.txt,0.6723967356316163
6190448767用户数据_2019-Q1.txt,0.6049151986265754
6195361017用户数据_2019-Q1.txt,0.591278382091178
6198584780用户数据_2019-Q1.txt,0.6256021297356791
6200554611用户数据_2019-Q1.txt,0.6039012518697805
6201327383用户数据_2019-Q1.txt,0.6159451286822265
6206434672用户数据_2019-Q1.txt,0.6560749895435285
6210759884用户数据_2019-Q1.txt,0.5780175760780971
6211962693用户数据_2019-Q1.txt,0.6235723888998933
6214988286用户数据_2019-Q1.txt,0.6182843462506572
6216475138用户数据_2019-Q1.txt,0.6105291168721223
6222858495用户数据_2019-Q1.txt,0.6438312821923101
6222886885用户数据_2019-Q1.txt,0.6468292394074335
6231128710用户数据_2019-Q1.txt,0.6026060240885648
6232228849用户数据_2019-Q1.txt,0.6452105970017565
6244023598用户数据_2019-Q1.txt,0.6306232091294901
6246503135用户数据_2019-Q1.txt,0.6397885421773325
6266706865用户数据_2019-Q1.txt,0.6299717849708004
6267941070用户数据_2019-Q1.txt,0.5478621540015107
6269478862用户数据_2019-Q1.txt,0.6142479288452931
6271865425用户数据_2019-Q1.txt,0.7223760387258956
6274870629用户数据_2019-Q1.txt,0.5416615660516978
6274941365用户数据_2019-Q1.txt,0.6313665927152254
6275925747用户数据_2019-Q1.txt,0.6555701405836808
6276195909用户数据_2019-Q1.txt,0.6566128028669775
6285444955用户数据_2019-Q1.txt,0.6194162469519952
6292522101用户数据_2019-Q1.txt,0.6033414844403977
6292991875用户数据_2019-Q1.txt,0.5867962422012484
6295839314用户数据_2019-Q1.txt,0.6082678215901604
6297365376用户数据_2019-Q1.txt,0.6056782837129923
6298392166用户数据_2019-Q1.txt,0.5851627402060533
6302059889用户数据_2019-Q1.txt,0.6213839082735686
6303860658用户数据_2019-Q1.txt,0.6510551496790481
6305751683用户数据_2019-Q1.txt,0.7088265322948275
6311527681用户数据_2019-Q1.txt,0.630818160123146
6313967691用户数据_2019-Q1.txt,0.6142479288452931
6313979756用户数据_2019-Q1.txt,0.5413053204036399
6315584340用户数据_2019-Q1.txt,0.6142479288452931
6317292677用户数据_2019-Q1.txt,0.5966750409051117
6317772870用户数据_2019-Q1.txt,0.7088760275686934
6319199762用户数据_2019-Q1.txt,0.6142479288452931
6320305760用户数据_2019-Q1.txt,0.5096792529369087
6321510662用户数据_2019-Q1.txt,0.6602787636058453
6321658083用户数据_2019-Q1.txt,0.5277582693145387
6323696896用户数据_2019-Q1.txt,0.6207256762710546
6323706784用户数据_2019-Q1.txt,0.6225036685513119
6330256607用户数据_2019-Q1.txt,0.6578060514892928
6332914130用户数据_2019-Q1.txt,0.5793299603924326
6335243116用户数据_2019-Q1.txt,0.6545462236464076
6335383470用户数据_2019-Q1.txt,0.5992405661103677
6335732538用户数据_2019-Q1.txt,0.6215855178455676
6337644498用户数据_2019-Q1.txt,0.6077589951979915
6338463221用户数据_2019-Q1.txt,0.6791953349720998
6339972544用户数据_2019-Q1.txt,0.6853343616445591
6342314424用户数据_2019-Q1.txt,0.6375928689621323
6344742010用户数据_2019-Q1.txt,0.611530301358657
6345938682用户数据_2019-Q1.txt,0.5834003156180043
6346596838用户数据_2019-Q1.txt,0.6142479288452931
6347695901用户数据_2019-Q1.txt,0.5284167809571927
6351202991用户数据_2019-Q1.txt,0.6503667362058395
6355281692用户数据_2019-Q1.txt,0.6122300515760662
6357231526用户数据_2019-Q1.txt,0.7474061470678159
6357652544用户数据_2019-Q1.txt,0.6417233532895026
6361636799用户数据_2019-Q1.txt,0.5571971505520248
6364960133用户数据_2019-Q1.txt,0.6715836339592604
6367146018用户数据_2019-Q1.txt,0.6142479288452931
6368941639用户数据_2019-Q1.txt,0.5879220259364284
6369374429用户数据_2019-Q1.txt,0.5718428927622154
6369462072用户数据_2019-Q1.txt,0.5931738054558326
6369881038用户数据_2019-Q1.txt,0.5887875846161646
6371504555用户数据_2019-Q1.txt,0.6600156539709618
6372512094用户数据_2019-Q1.txt,0.3927612597347048
6378322868用户数据_2019-Q1.txt,0.581330774707603
6380139445用户数据_2019-Q1.txt,0.6517631557306114
6380522320用户数据_2019-Q1.txt,0.701684879144093
6381388504用户数据_2019-Q1.txt,0.590686596403841
6387538639用户数据_2019-Q1.txt,0.6102794841587275
6395245651用户数据_2019-Q1.txt,0.6650260978010235
6395811988用户数据_2019-Q1.txt,0.6142479288452931
6400971163用户数据_2019-Q1.txt,0.5596691386799808
6401458975用户数据_2019-Q1.txt,0.6176946759570897
6401467803用户数据_2019-Q1.txt,0.6558809691978976
6403504310用户数据_2019-Q1.txt,0.6005127196658487
6404771706用户数据_2019-Q1.txt,0.6398763722495474
6415057217用户数据_2019-Q1.txt,0.5749840065461472
6416438596用户数据_2019-Q1.txt,0.4752187475624611
6421968774用户数据_2019-Q1.txt,0.6466183350011978
6422182937用户数据_2019-Q1.txt,0.5451533573605467
6422219117用户数据_2019-Q1.txt,0.7076084520631561
6427333830用户数据_2019-Q1.txt,0.6306057898877264
6428554808用户数据_2019-Q1.txt,0.6365981790047031
6432607104用户数据_2019-Q1.txt,0.5996692895888607
6441286635用户数据_2019-Q1.txt,0.5713249058230835
6445076357用户数据_2019-Q1.txt,0.6275348301202639
6446051049用户数据_2019-Q1.txt,0.6055010294698875
6452068030用户数据_2019-Q1.txt,0.6142479288452931
6458160933用户数据_2019-Q1.txt,0.6494565398751745
6459061377用户数据_2019-Q1.txt,0.6133567762280435
6465814945用户数据_2019-Q1.txt,0.6014766471077536
6474756036用户数据_2019-Q1.txt,0.6132750270926619
6475060302用户数据_2019-Q1.txt,0.6984035903862469
6483620056用户数据_2019-Q1.txt,0.625992855296118
6483640420用户数据_2019-Q1.txt,0.6040641916676569
6491417379用户数据_2019-Q1.txt,0.5728336242489946
6493503113用户数据_2019-Q1.txt,0.6295902459492475
6493771142用户数据_2019-Q1.txt,0.6956023655796578
6502547609用户数据_2019-Q1.txt,0.6236131672513309
6506361678用户数据_2019-Q1.txt,0.6172621695176853
6512602510用户数据_2019-Q1.txt,0.5341977418020507
6515600728用户数据_2019-Q1.txt,0.6751317469462328
6522714620用户数据_2019-Q1.txt,0.6456557735697982
6524166588用户数据_2019-Q1.txt,0.6181388341270379
6528997155用户数据_2019-Q1.txt,0.6516336612599752
6536919587用户数据_2019-Q1.txt,0.62809211145336
6540739766用户数据_2019-Q1.txt,0.4217756272077221
6542022727用户数据_2019-Q1.txt,0.6866105925749522
6549930269用户数据_2019-Q1.txt,0.6204322665142389
6550939138用户数据_2019-Q1.txt,0.5896860364766845
6554097693用户数据_2019-Q1.txt,0.6135028350129836
6557043927用户数据_2019-Q1.txt,0.6208643392272555
6559657206用户数据_2019-Q1.txt,0.6142479288452931
6562354390用户数据_2019-Q1.txt,0.620010275458884
6568069180用户数据_2019-Q1.txt,0.6460958313979012
6570001316用户数据_2019-Q1.txt,0.6142479288452931
6570032194用户数据_2019-Q1.txt,0.6706588645219382
6570169012用户数据_2019-Q1.txt,0.6177511783817388
6570496918用户数据_2019-Q1.txt,0.6484699560743254
6571227507用户数据_2019-Q1.txt,0.6440343075789461
6571538104用户数据_2019-Q1.txt,0.5625614428173719
6572629680用户数据_2019-Q1.txt,0.6401171103092121
6572777243用户数据_2019-Q1.txt,0.6513448637137657
6579995379用户数据_2019-Q1.txt,0.6142479288452931
6580640255用户数据_2019-Q1.txt,0.6302288773916764
6582638354用户数据_2019-Q1.txt,0.6116823376530609
6594560430用户数据_2019-Q1.txt,0.5753747029248693
6618688282用户数据_2019-Q1.txt,0.6027575627587977
6620843097用户数据_2019-Q1.txt,0.5967703752224326
6628504942用户数据_2019-Q1.txt,0.508685876068441
6630480591用户数据_2019-Q1.txt,0.6193083293352449
6638748459用户数据_2019-Q1.txt,0.6268371512620422
6639862326用户数据_2019-Q1.txt,0.5525996429288808
6642672069用户数据_2019-Q1.txt,0.71438308562382
6649766173用户数据_2019-Q1.txt,0.6137625964630173
6658186772用户数据_2019-Q1.txt,0.5871677634785085
6661909556用户数据_2019-Q1.txt,0.6135541084687517
6679264696用户数据_2019-Q1.txt,0.5217465922746607
6714649501用户数据_2019-Q1.txt,0.650892756129083
6719787099用户数据_2019-Q1.txt,0.6273871391948731
6738347485用户数据_2019-Q1.txt,0.5926021809702703
6741295285用户数据_2019-Q1.txt,0.5831362478893917
6742906750用户数据_2019-Q1.txt,0.594411295281966
6753712733用户数据_2019-Q1.txt,0.5956898173490227
6786360537用户数据_2019-Q1.txt,0.6435268713340578
6794864878用户数据_2019-Q1.txt,0.6354162255087649
6822388240用户数据_2019-Q1.txt,0.638747344592755
6828840309用户数据_2019-Q1.txt,0.6158713300018503
6859757155用户数据_2019-Q1.txt,0.5082353386375991
6865110650用户数据_2019-Q1.txt,0.6257802977463989
6885294224用户数据_2019-Q1.txt,0.6142479288452931
6890812427用户数据_2019-Q1.txt,0.5717057770514745
6892419849用户数据_2019-Q1.txt,0.6524598955213199
6898060899用户数据_2019-Q1.txt,0.6432293742816605
6903135656用户数据_2019-Q1.txt,0.4967325430377242
